Folio,Line,Tokens_Count,Z_mean_index,Z_max_index,Thold_sec,Clock_Hz,Coherence_C_Star,Status
f1r,1,10,7.95,20.07,1.0,1.0,0.6377,UNSTABLE
f1r,2,9,6.89,11.07,1.0,1.0,0.5734,UNSTABLE
f1r,3,9,6.28,12.33,1.0,1.0,0.5056,UNSTABLE
f1r,4,7,11.34,26.45,1.0,1.0,0.6572,UNSTABLE
f1r,5,5,7.15,9.0,1.0,1.0,0.6767,UNSTABLE
f1r,6,1,14.4,14.4,1.0,1.0,0.6,UNSTABLE
f1r,7,9,7.66,18.0,1.0,1.0,0.6553,UNSTABLE
f1r,8,9,8.24,17.48,1.0,1.0,0.4828,UNSTABLE
f1r,9,4,6.72,8.93,1.0,1.0,0.8515,UNSTABLE
f1r,10,3,6.67,14.39,1.0,1.0,0.4781,UNSTABLE
f1r,11,7,8.56,15.25,1.0,1.0,0.5368,UNSTABLE
f1r,12,8,8.07,12.96,1.0,1.0,0.7736,UNSTABLE
f1r,13,9,6.88,18.0,1.0,1.0,0.4293,UNSTABLE
f1r,14,10,7.03,27.09,1.0,1.0,0.3557,UNSTABLE
f1r,15,11,5.51,9.88,1.0,1.0,0.7346,UNSTABLE
f1r,16,10,5.18,9.64,1.0,1.0,0.5224,UNSTABLE
f1r,17,7,11.04,25.93,1.0,1.0,0.4555,UNSTABLE
f1r,18,8,7.09,12.6,1.0,1.0,0.7376,UNSTABLE
f1r,19,8,10.76,17.65,1.0,1.0,0.5658,UNSTABLE
f1r,20,5,5.38,8.67,1.0,1.0,0.5723,UNSTABLE
f1r,21,2,10.37,15.94,1.0,1.0,0.7903,UNSTABLE
f1r,22,9,8.79,16.2,1.0,1.0,0.5256,UNSTABLE
f1r,23,10,5.41,8.87,1.0,1.0,0.566,UNSTABLE
f1r,24,10,5.83,12.95,1.0,1.0,0.6701,UNSTABLE
f1r,25,9,9.0,19.44,1.0,1.0,0.6778,UNSTABLE
f1r,26,8,9.48,22.67,1.0,1.0,0.4509,UNSTABLE
f1r,27,5,7.4,10.4,1.0,1.0,0.6269,UNSTABLE
f1r,28,1,12.0,12.0,1.0,1.0,0.6,UNSTABLE
f1v,1,5,12.12,23.97,1.0,1.0,0.5034,UNSTABLE
f1v,2,7,9.71,19.53,1.0,1.0,0.4983,UNSTABLE
f1v,3,6,11.38,21.82,1.0,1.0,0.5129,UNSTABLE
f1v,4,5,11.67,21.6,1.0,1.0,0.5242,UNSTABLE
f1v,5,8,8.88,21.14,1.0,1.0,0.652,UNSTABLE
f1v,6,8,12.33,44.4,1.0,1.0,0.3666,UNSTABLE
f1v,7,11,9.59,20.35,1.0,1.0,0.4828,UNSTABLE
f1v,8,8,10.02,17.28,1.0,1.0,0.7479,UNSTABLE
f1v,9,9,9.55,19.69,1.0,1.0,0.491,UNSTABLE
f1v,10,6,10.73,25.05,1.0,1.0,0.457,UNSTABLE
f2r,1,5,10.53,15.3,1.0,1.0,0.8129,UNSTABLE
f2r,2,4,10.33,19.2,1.0,1.0,0.5228,UNSTABLE
f2r,3,4,13.63,32.4,1.0,1.0,0.4524,UNSTABLE
f2r,4,3,15.83,33.6,1.0,1.0,0.4827,UNSTABLE
f2r,5,3,12.61,28.24,1.0,1.0,0.4679,UNSTABLE
f2r,6,5,14.16,34.24,1.0,1.0,0.6481,UNSTABLE
f2r,7,3,14.95,35.99,1.0,1.0,0.6492,UNSTABLE
f2r,8,8,8.65,20.88,1.0,1.0,0.6486,UNSTABLE
f2r,9,8,10.15,22.62,1.0,1.0,0.6692,UNSTABLE
f2r,10,8,8.88,23.39,1.0,1.0,0.6278,UNSTABLE
f2r,11,8,5.89,11.31,1.0,1.0,0.5125,UNSTABLE
f2r,12,10,5.4,10.03,1.0,1.0,0.523,UNSTABLE
f2r,13,5,7.6,15.6,1.0,1.0,0.6923,UNSTABLE
f2r,14,1,7.2,7.2,1.0,1.0,0.8,UNSTABLE
f2r,15,3,3.48,3.6,1.0,1.0,0.78,UNSTABLE
f2v,1,5,9.97,19.8,1.0,1.0,0.5021,UNSTABLE
f2v,2,7,12.75,33.77,1.0,1.0,0.6265,UNSTABLE
f2v,3,7,8.95,27.29,1.0,1.0,0.5968,UNSTABLE
f2v,4,4,8.83,19.65,1.0,1.0,0.4696,UNSTABLE
f2v,5,7,11.1,28.99,1.0,1.0,0.4297,UNSTABLE
f2v,6,9,5.56,9.84,1.0,1.0,0.539,UNSTABLE
f2v,7,6,12.3,26.84,1.0,1.0,0.675,UNSTABLE
f2v,8,5,9.03,15.6,1.0,1.0,0.5473,UNSTABLE
f3r,1,5,9.75,13.44,1.0,1.0,0.6353,UNSTABLE
f3r,2,5,8.27,22.67,1.0,1.0,0.4189,UNSTABLE
f3r,3,5,8.02,18.82,1.0,1.0,0.6557,UNSTABLE
f3r,4,6,5.81,7.16,1.0,1.0,0.6869,UNSTABLE
f3r,5,5,7.77,10.8,1.0,1.0,0.8317,UNSTABLE
f3r,6,4,7.29,12.5,1.0,1.0,0.5499,UNSTABLE
f3r,7,5,9.4,18.82,1.0,1.0,0.4997,UNSTABLE
f3r,8,5,6.02,9.72,1.0,1.0,0.5716,UNSTABLE
f3r,9,5,7.12,13.7,1.0,1.0,0.5118,UNSTABLE
f3r,10,2,13.03,21.26,1.0,1.0,0.5677,UNSTABLE
f3r,11,5,7.91,10.8,1.0,1.0,0.8394,UNSTABLE
f3r,12,4,19.3,31.62,1.0,1.0,0.7662,UNSTABLE
f3r,13,5,17.21,22.67,1.0,1.0,0.6555,UNSTABLE
f3r,14,4,15.94,28.94,1.0,1.0,0.7305,UNSTABLE
f3r,15,7,9.0,22.88,1.0,1.0,0.436,UNSTABLE
f3r,16,8,10.46,19.38,1.0,1.0,0.7238,UNSTABLE
f3r,17,5,13.85,29.15,1.0,1.0,0.6851,UNSTABLE
f3r,18,5,18.56,34.67,1.0,1.0,0.5212,UNSTABLE
f3r,19,7,14.26,42.97,1.0,1.0,0.3991,UNSTABLE
f3r,20,8,6.7,20.08,1.0,1.0,0.4002,UNSTABLE
f3v,1,8,6.23,14.71,1.0,1.0,0.4541,UNSTABLE
f3v,2,6,13.15,18.49,1.0,1.0,0.6267,UNSTABLE
f3v,3,7,8.82,13.64,1.0,1.0,0.788,UNSTABLE
f3v,4,8,7.63,12.96,1.0,1.0,0.5532,UNSTABLE
f3v,5,5,9.16,13.87,1.0,1.0,0.5963,UNSTABLE
f3v,6,5,6.45,12.6,1.0,1.0,0.5071,UNSTABLE
f3v,7,5,5.58,9.0,1.0,1.0,0.572,UNSTABLE
f3v,8,5,7.77,12.6,1.0,1.0,0.57,UNSTABLE
f3v,9,5,9.8,15.41,1.0,1.0,0.5816,UNSTABLE
f3v,10,6,10.28,21.15,1.0,1.0,0.6916,UNSTABLE
f3v,11,6,6.46,10.27,1.0,1.0,0.5774,UNSTABLE
f3v,12,6,6.21,10.27,1.0,1.0,0.5628,UNSTABLE
f3v,13,6,8.15,18.13,1.0,1.0,0.6697,UNSTABLE
f3v,14,3,8.89,16.19,1.0,1.0,0.5295,UNSTABLE
f4r,1,7,13.69,41.98,1.0,1.0,0.3957,UNSTABLE
f4r,2,8,7.4,13.55,1.0,1.0,0.7277,UNSTABLE
f4r,3,6,12.6,47.99,1.0,1.0,0.3575,UNSTABLE
f4r,4,5,12.82,23.76,1.0,1.0,0.7237,UNSTABLE
f4r,5,3,12.01,17.43,1.0,1.0,0.6134,UNSTABLE
f4r,6,3,9.36,14.39,1.0,1.0,0.5903,UNSTABLE
f4r,7,4,9.03,15.12,1.0,1.0,0.7583,UNSTABLE
f4r,8,5,6.91,12.14,1.0,1.0,0.7415,UNSTABLE
f4r,9,4,6.98,10.75,1.0,1.0,0.7896,UNSTABLE
f4r,10,4,6.61,12.3,1.0,1.0,0.5224,UNSTABLE
f4r,11,3,15.64,19.44,1.0,1.0,0.6827,UNSTABLE
f4r,12,3,4.41,5.4,1.0,1.0,0.69,UNSTABLE
f4r,13,2,8.59,14.17,1.0,1.0,0.7637,UNSTABLE
f4v,1,5,11.21,20.8,1.0,1.0,0.5234,UNSTABLE
f4v,2,7,8.03,22.88,1.0,1.0,0.4106,UNSTABLE
f4v,3,6,11.7,47.37,1.0,1.0,0.5482,UNSTABLE
f4v,4,5,13.88,23.76,1.0,1.0,0.7505,UNSTABLE
f4v,5,6,14.48,56.25,1.0,1.0,0.3545,UNSTABLE
f4v,6,3,11.56,16.19,1.0,1.0,0.4284,UNSTABLE
f4v,7,5,9.78,19.8,1.0,1.0,0.4964,UNSTABLE
f4v,8,6,6.22,9.87,1.0,1.0,0.5781,UNSTABLE
f4v,9,4,14.26,34.56,1.0,1.0,0.6476,UNSTABLE
f4v,10,4,12.99,23.22,1.0,1.0,0.5357,UNSTABLE
f4v,11,5,11.45,34.33,1.0,1.0,0.4001,UNSTABLE
f4v,12,5,12.81,22.54,1.0,1.0,0.741,UNSTABLE
f4v,13,6,7.19,12.53,1.0,1.0,0.5443,UNSTABLE
f4v,14,3,11.56,16.19,1.0,1.0,0.4284,UNSTABLE
f5r,1,7,9.4,14.35,1.0,1.0,0.593,UNSTABLE
f5r,2,9,12.56,41.87,1.0,1.0,0.58,UNSTABLE
f5r,3,7,11.77,21.97,1.0,1.0,0.7214,UNSTABLE
f5r,4,6,6.87,16.45,1.0,1.0,0.4506,UNSTABLE
f5r,5,8,10.3,21.93,1.0,1.0,0.6818,UNSTABLE
f5r,6,8,12.26,25.37,1.0,1.0,0.4899,UNSTABLE
f5r,7,4,12.84,15.81,1.0,1.0,0.4873,UNSTABLE
f5v,1,8,6.71,9.8,1.0,1.0,0.8108,UNSTABLE
f5v,2,8,6.67,12.46,1.0,1.0,0.5212,UNSTABLE
f5v,3,9,5.17,12.96,1.0,1.0,0.6394,UNSTABLE
f5v,4,7,10.88,32.95,1.0,1.0,0.5981,UNSTABLE
f5v,5,7,7.75,11.57,1.0,1.0,0.8019,UNSTABLE
f5v,6,3,9.75,17.99,1.0,1.0,0.7252,UNSTABLE
f6r,1,8,8.69,27.1,1.0,1.0,0.5924,UNSTABLE
f6r,2,7,6.41,10.68,1.0,1.0,0.7601,UNSTABLE
f6r,3,7,6.67,14.35,1.0,1.0,0.4789,UNSTABLE
f6r,4,6,10.18,24.88,1.0,1.0,0.4455,UNSTABLE
f6r,5,5,13.27,24.27,1.0,1.0,0.5281,UNSTABLE
f6r,6,6,7.21,13.16,1.0,1.0,0.7287,UNSTABLE
f6r,7,7,7.87,18.42,1.0,1.0,0.6564,UNSTABLE
f6r,8,5,6.31,8.56,1.0,1.0,0.6423,UNSTABLE
f6r,9,5,8.11,15.41,1.0,1.0,0.5158,UNSTABLE
f6r,10,6,5.73,10.66,1.0,1.0,0.5225,UNSTABLE
f6r,11,4,6.47,9.22,1.0,1.0,0.621,UNSTABLE
f6r,12,5,5.25,8.56,1.0,1.0,0.768,UNSTABLE
f6r,13,3,10.4,15.12,1.0,1.0,0.6127,UNSTABLE
f6r,14,3,8.94,17.99,1.0,1.0,0.4982,UNSTABLE
f6v,1,11,9.56,29.65,1.0,1.0,0.3935,UNSTABLE
f6v,2,8,10.09,25.37,1.0,1.0,0.4386,UNSTABLE
f6v,3,7,13.72,35.7,1.0,1.0,0.4306,UNSTABLE
f6v,4,9,7.98,28.79,1.0,1.0,0.3663,UNSTABLE
f6v,5,5,13.66,26.0,1.0,1.0,0.5152,UNSTABLE
f6v,6,4,10.61,17.57,1.0,1.0,0.5623,UNSTABLE
f6v,7,5,6.39,9.0,1.0,1.0,0.826,UNSTABLE
f6v,8,4,10.28,18.97,1.0,1.0,0.7251,UNSTABLE
f6v,9,4,5.81,9.6,1.0,1.0,0.5631,UNSTABLE
f6v,10,3,11.27,15.12,1.0,1.0,0.8472,UNSTABLE
f6v,11,4,7.76,16.08,1.0,1.0,0.4896,UNSTABLE
f6v,12,4,9.89,15.81,1.0,1.0,0.7753,UNSTABLE
f6v,13,6,4.01,7.11,1.0,1.0,0.5384,UNSTABLE
f6v,14,4,10.01,14.29,1.0,1.0,0.8203,UNSTABLE
f6v,15,6,4.11,8.4,1.0,1.0,0.6936,UNSTABLE
f6v,16,4,8.86,15.81,1.0,1.0,0.5362,UNSTABLE
f6v,17,4,8.29,12.3,1.0,1.0,0.6044,UNSTABLE
f6v,18,3,8.25,12.0,1.0,1.0,0.6125,UNSTABLE
f6v,19,4,5.71,7.68,1.0,1.0,0.6461,UNSTABLE
f6v,20,4,7.72,12.65,1.0,1.0,0.7662,UNSTABLE
f6v,21,3,7.67,16.19,1.0,1.0,0.4842,UNSTABLE
f7r,1,6,11.78,16.78,1.0,1.0,0.6212,UNSTABLE
f7r,2,8,7.9,21.59,1.0,1.0,0.4195,UNSTABLE
f7r,3,5,13.54,25.68,1.0,1.0,0.5164,UNSTABLE
f7r,4,6,10.75,23.26,1.0,1.0,0.6773,UNSTABLE
f7r,5,1,20.4,20.4,1.0,1.0,0.6,UNSTABLE
f7r,6,4,14.12,19.36,1.0,1.0,0.6376,UNSTABLE
f7r,7,7,9.93,21.53,1.0,1.0,0.6767,UNSTABLE
f7r,8,7,13.1,41.55,1.0,1.0,0.5892,UNSTABLE
f7r,9,6,12.06,25.05,1.0,1.0,0.6889,UNSTABLE
f7r,10,4,6.94,16.08,1.0,1.0,0.659,UNSTABLE
f7v,1,8,9.49,19.03,1.0,1.0,0.6992,UNSTABLE
f7v,2,9,7.68,16.2,1.0,1.0,0.6844,UNSTABLE
f7v,3,9,7.76,14.76,1.0,1.0,0.7154,UNSTABLE
f7v,4,9,6.84,11.33,1.0,1.0,0.7622,UNSTABLE
f7v,5,4,11.71,16.59,1.0,1.0,0.6235,UNSTABLE
f7v,6,7,11.15,35.52,1.0,1.0,0.3883,UNSTABLE
f7v,7,6,12.2,28.53,1.0,1.0,0.4566,UNSTABLE
f7v,8,6,14.43,24.88,1.0,1.0,0.748,UNSTABLE
f7v,9,7,9.36,25.93,1.0,1.0,0.4166,UNSTABLE
f8r,1,8,10.05,29.95,1.0,1.0,0.4013,UNSTABLE
f8r,2,7,7.98,18.18,1.0,1.0,0.4634,UNSTABLE
f8r,3,6,6.98,12.53,1.0,1.0,0.5342,UNSTABLE
f8r,4,8,8.32,22.91,1.0,1.0,0.4179,UNSTABLE
f8r,5,9,7.69,15.85,1.0,1.0,0.4911,UNSTABLE
f8r,6,6,11.6,23.5,1.0,1.0,0.4962,UNSTABLE
f8r,7,4,5.8,9.22,1.0,1.0,0.5774,UNSTABLE
f8r,8,2,8.6,12.4,1.0,1.0,0.4161,UNSTABLE
f8r,9,7,10.2,24.86,1.0,1.0,0.6462,UNSTABLE
f8r,10,7,11.0,23.08,1.0,1.0,0.686,UNSTABLE
f8r,11,7,8.51,23.08,1.0,1.0,0.6212,UNSTABLE
f8r,12,2,27.82,31.89,1.0,1.0,0.7234,UNSTABLE
f8r,13,1,25.92,25.92,1.0,1.0,0.6,UNSTABLE
f8r,14,8,11.43,22.91,1.0,1.0,0.6993,UNSTABLE
f8r,15,9,10.01,23.26,1.0,1.0,0.4582,UNSTABLE
f8r,16,6,12.16,19.69,1.0,1.0,0.5705,UNSTABLE
f8r,17,8,7.79,14.71,1.0,1.0,0.7177,UNSTABLE
f8r,18,7,7.61,15.25,1.0,1.0,0.4994,UNSTABLE
f8r,19,8,7.5,17.62,1.0,1.0,0.6554,UNSTABLE
f8r,20,5,8.13,17.34,1.0,1.0,0.4813,UNSTABLE
f8r,21,2,9.2,12.4,1.0,1.0,0.6452,UNSTABLE
f8v,1,8,10.14,25.85,1.0,1.0,0.6354,UNSTABLE
f8v,2,7,7.18,12.56,1.0,1.0,0.543,UNSTABLE
f8v,3,7,10.12,29.76,1.0,1.0,0.604,UNSTABLE
f8v,4,6,10.7,26.41,1.0,1.0,0.6431,UNSTABLE
f8v,5,6,8.33,20.14,1.0,1.0,0.4482,UNSTABLE
f8v,6,5,7.61,19.42,1.0,1.0,0.6351,UNSTABLE
f8v,7,6,7.49,16.14,1.0,1.0,0.4784,UNSTABLE
f8v,8,5,11.43,34.56,1.0,1.0,0.3984,UNSTABLE
f8v,9,5,8.75,22.4,1.0,1.0,0.6344,UNSTABLE
f8v,10,4,12.2,21.6,1.0,1.0,0.5389,UNSTABLE
f8v,11,1,10.8,10.8,1.0,1.0,0.6,UNSTABLE
f8v,12,7,8.29,19.53,1.0,1.0,0.6547,UNSTABLE
f8v,13,6,13.45,39.27,1.0,1.0,0.4055,UNSTABLE
f8v,14,8,8.76,22.88,1.0,1.0,0.4297,UNSTABLE
f8v,15,9,5.92,12.25,1.0,1.0,0.49,UNSTABLE
f8v,16,7,7.38,21.49,1.0,1.0,0.406,UNSTABLE
f8v,17,3,8.29,14.39,1.0,1.0,0.7457,UNSTABLE
f9r,1,9,6.24,10.5,1.0,1.0,0.5566,UNSTABLE
f9r,2,7,10.94,20.83,1.0,1.0,0.5151,UNSTABLE
f9r,3,8,9.17,20.72,1.0,1.0,0.4655,UNSTABLE
f9r,4,6,11.7,26.66,1.0,1.0,0.4633,UNSTABLE
f9r,5,9,7.2,26.24,1.0,1.0,0.5646,UNSTABLE
f9r,6,6,15.9,31.99,1.0,1.0,0.4982,UNSTABLE
f9r,7,8,9.15,22.31,1.0,1.0,0.4461,UNSTABLE
f9r,8,7,13.98,19.83,1.0,1.0,0.823,UNSTABLE
f9r,9,4,14.13,16.08,1.0,1.0,0.9272,UNSTABLE
f9r,10,3,10.41,14.39,1.0,1.0,0.6341,UNSTABLE
f9v,1,10,9.03,31.94,1.0,1.0,0.5696,UNSTABLE
f9v,2,10,7.79,16.34,1.0,1.0,0.686,UNSTABLE
f9v,3,8,8.05,31.56,1.0,1.0,0.553,UNSTABLE
f9v,4,6,7.59,13.16,1.0,1.0,0.746,UNSTABLE
f9v,5,7,12.62,30.7,1.0,1.0,0.4466,UNSTABLE
f9v,6,5,17.72,46.79,1.0,1.0,0.4272,UNSTABLE
f9v,7,5,14.62,43.34,1.0,1.0,0.6024,UNSTABLE
f9v,8,4,11.81,21.44,1.0,1.0,0.7305,UNSTABLE
f9v,9,5,8.32,22.54,1.0,1.0,0.6215,UNSTABLE
f9v,10,5,6.05,7.47,1.0,1.0,0.6859,UNSTABLE
f9v,11,3,14.48,29.15,1.0,1.0,0.498,UNSTABLE
f9v,12,3,7.75,12.6,1.0,1.0,0.569,UNSTABLE
f10r,1,7,11.21,13.64,1.0,1.0,0.6931,UNSTABLE
f10r,2,9,7.74,14.4,1.0,1.0,0.7225,UNSTABLE
f10r,3,10,7.3,19.42,1.0,1.0,0.6255,UNSTABLE
f10r,4,9,6.92,15.99,1.0,1.0,0.4597,UNSTABLE
f10r,5,4,12.96,19.36,1.0,1.0,0.8017,UNSTABLE
f10r,6,8,8.57,25.91,1.0,1.0,0.3985,UNSTABLE
f10r,7,7,8.5,18.26,1.0,1.0,0.6793,UNSTABLE
f10r,8,7,9.13,23.32,1.0,1.0,0.6349,UNSTABLE
f10r,9,6,5.31,10.69,1.0,1.0,0.498,UNSTABLE
f10r,10,5,7.69,12.14,1.0,1.0,0.5801,UNSTABLE
f10r,11,4,14.18,21.44,1.0,1.0,0.5968,UNSTABLE
f10r,12,4,13.78,25.72,1.0,1.0,0.7215,UNSTABLE
f10v,1,8,7.03,12.69,1.0,1.0,0.7324,UNSTABLE
f10v,2,9,5.44,9.51,1.0,1.0,0.7432,UNSTABLE
f10v,3,6,7.22,8.95,1.0,1.0,0.684,UNSTABLE
f10v,4,7,8.67,22.37,1.0,1.0,0.6325,UNSTABLE
f10v,5,7,12.06,24.71,1.0,1.0,0.6928,UNSTABLE
f10v,6,7,10.57,22.6,1.0,1.0,0.6806,UNSTABLE
f10v,7,6,10.14,16.78,1.0,1.0,0.7626,UNSTABLE
f11r,1,8,8.09,9.6,1.0,1.0,0.7056,UNSTABLE
f11r,2,8,8.91,18.09,1.0,1.0,0.6955,UNSTABLE
f11r,3,10,7.12,12.18,1.0,1.0,0.7507,UNSTABLE
f11r,4,5,6.96,13.87,1.0,1.0,0.7011,UNSTABLE
f11r,5,8,7.97,21.59,1.0,1.0,0.6215,UNSTABLE
f11r,6,10,5.32,8.36,1.0,1.0,0.7818,UNSTABLE
f11r,7,4,11.38,16.59,1.0,1.0,0.6116,UNSTABLE
f11v,1,6,14.3,35.43,1.0,1.0,0.4422,UNSTABLE
f11v,2,8,7.55,19.14,1.0,1.0,0.6367,UNSTABLE
f11v,3,7,12.93,36.83,1.0,1.0,0.6106,UNSTABLE
f11v,4,7,13.15,35.52,1.0,1.0,0.6221,UNSTABLE
f11v,5,1,2.4,2.4,1.0,1.0,0.6,UNSTABLE
f11v,6,7,8.25,15.65,1.0,1.0,0.5163,UNSTABLE
f11v,7,5,7.7,17.34,1.0,1.0,0.4664,UNSTABLE
f13r,1,9,7.57,19.44,1.0,1.0,0.6336,UNSTABLE
f13r,2,11,7.37,27.8,1.0,1.0,0.5591,UNSTABLE
f13r,3,10,5.21,8.7,1.0,1.0,0.5593,UNSTABLE
f13r,4,3,12.41,16.19,1.0,1.0,0.4599,UNSTABLE
f13r,5,7,10.61,21.53,1.0,1.0,0.4957,UNSTABLE
f13r,6,8,11.63,34.46,1.0,1.0,0.6025,UNSTABLE
f13r,7,7,9.34,22.6,1.0,1.0,0.648,UNSTABLE
f13r,8,6,12.68,19.69,1.0,1.0,0.7864,UNSTABLE
f13r,9,6,9.76,24.88,1.0,1.0,0.4354,UNSTABLE
f13r,10,3,15.35,32.39,1.0,1.0,0.2843,UNSTABLE
f13v,1,7,8.1,9.6,1.0,1.0,0.9062,UNSTABLE
f13v,2,6,9.6,13.2,1.0,1.0,0.8364,UNSTABLE
f13v,3,5,10.19,13.44,1.0,1.0,0.6549,UNSTABLE
f13v,4,6,13.09,20.72,1.0,1.0,0.5791,UNSTABLE
f13v,5,2,11.41,14.17,1.0,1.0,0.6831,UNSTABLE
f13v,6,6,13.57,41.45,1.0,1.0,0.5964,UNSTABLE
f13v,7,5,20.31,48.59,1.0,1.0,0.6508,UNSTABLE
f13v,8,5,10.41,21.6,1.0,1.0,0.6892,UNSTABLE
f13v,9,6,12.08,23.11,1.0,1.0,0.5136,UNSTABLE
f13v,10,5,6.55,10.4,1.0,1.0,0.5779,UNSTABLE
f14r,1,5,5.97,8.96,1.0,1.0,0.7998,UNSTABLE
f14r,2,6,9.04,19.33,1.0,1.0,0.6806,UNSTABLE
f14r,3,5,5.36,7.47,1.0,1.0,0.8305,UNSTABLE
f14r,4,5,7.78,14.4,1.0,1.0,0.7242,UNSTABLE
f14r,5,4,11.51,19.29,1.0,1.0,0.758,UNSTABLE
f14r,6,5,7.2,12.33,1.0,1.0,0.5504,UNSTABLE
f14r,7,3,8.47,16.19,1.0,1.0,0.5139,UNSTABLE
f14r,8,6,7.01,13.2,1.0,1.0,0.5186,UNSTABLE
f14r,9,6,14.16,38.65,1.0,1.0,0.4198,UNSTABLE
f14r,10,5,14.32,32.94,1.0,1.0,0.4608,UNSTABLE
f14r,11,6,12.37,41.45,1.0,1.0,0.3791,UNSTABLE
f14r,12,5,10.07,27.74,1.0,1.0,0.4178,UNSTABLE
f14r,13,5,7.67,15.6,1.0,1.0,0.495,UNSTABLE
f14v,1,8,5.44,9.8,1.0,1.0,0.7331,UNSTABLE
f14v,2,7,9.25,13.64,1.0,1.0,0.6069,UNSTABLE
f14v,3,7,9.12,11.94,1.0,1.0,0.8583,UNSTABLE
f14v,4,7,8.03,12.2,1.0,1.0,0.5949,UNSTABLE
f14v,5,7,11.38,32.73,1.0,1.0,0.6086,UNSTABLE
f14v,6,8,8.61,14.39,1.0,1.0,0.559,UNSTABLE
f14v,7,8,7.82,14.71,1.0,1.0,0.319,UNSTABLE
f14v,8,5,11.69,22.4,1.0,1.0,0.7131,UNSTABLE
f14v,9,2,21.32,35.43,1.0,1.0,0.361,UNSTABLE
f15r,1,6,8.79,20.14,1.0,1.0,0.6619,UNSTABLE
f15r,2,5,8.66,18.82,1.0,1.0,0.6761,UNSTABLE
f15r,3,4,20.46,52.54,1.0,1.0,0.6337,UNSTABLE
f15r,4,5,7.54,15.41,1.0,1.0,0.4936,UNSTABLE
f15r,5,5,7.68,12.96,1.0,1.0,0.5556,UNSTABLE
f15r,6,4,9.39,16.08,1.0,1.0,0.5504,UNSTABLE
f15r,7,4,9.61,17.57,1.0,1.0,0.7282,UNSTABLE
f15r,8,3,11.24,14.53,1.0,1.0,0.6641,UNSTABLE
f15r,9,5,9.34,18.82,1.0,1.0,0.6978,UNSTABLE
f15r,10,4,18.55,44.27,1.0,1.0,0.4514,UNSTABLE
f15r,11,5,8.56,12.96,1.0,1.0,0.7963,UNSTABLE
f15r,12,4,13.72,35.73,1.0,1.0,0.4304,UNSTABLE
f15r,13,5,13.01,39.87,1.0,1.0,0.3958,UNSTABLE
f15r,14,7,7.87,25.12,1.0,1.0,0.588,UNSTABLE
f15r,15,4,11.13,15.12,1.0,1.0,0.6417,UNSTABLE
f15v,1,5,8.41,13.87,1.0,1.0,0.5638,UNSTABLE
f15v,2,6,7.35,19.74,1.0,1.0,0.4234,UNSTABLE
f15v,3,5,11.41,18.72,1.0,1.0,0.7657,UNSTABLE
f15v,4,5,10.42,21.84,1.0,1.0,0.6863,UNSTABLE
f15v,5,6,4.0,7.11,1.0,1.0,0.5376,UNSTABLE
f15v,6,6,6.78,15.12,1.0,1.0,0.469,UNSTABLE
f15v,7,9,6.07,17.11,1.0,1.0,0.4129,UNSTABLE
f15v,8,7,4.2,6.82,1.0,1.0,0.7695,UNSTABLE
f15v,9,5,8.52,15.6,1.0,1.0,0.5277,UNSTABLE
f15v,10,5,7.96,21.84,1.0,1.0,0.6187,UNSTABLE
f15v,11,5,5.36,6.93,1.0,1.0,0.8641,UNSTABLE
f15v,12,4,6.59,12.5,1.0,1.0,0.7163,UNSTABLE
f16r,1,7,9.97,18.26,1.0,1.0,0.5276,UNSTABLE
f16r,2,7,12.55,38.44,1.0,1.0,0.3959,UNSTABLE
f16r,3,6,11.82,28.99,1.0,1.0,0.4446,UNSTABLE
f16r,4,2,13.34,19.49,1.0,1.0,0.4107,UNSTABLE
f16r,5,7,7.18,12.56,1.0,1.0,0.543,UNSTABLE
f16r,6,6,6.56,10.74,1.0,1.0,0.5665,UNSTABLE
f16r,7,7,6.94,10.98,1.0,1.0,0.7792,UNSTABLE
f16r,8,6,6.21,8.95,1.0,1.0,0.8163,UNSTABLE
f16r,9,2,9.47,15.94,1.0,1.0,0.7565,UNSTABLE
f16r,10,5,14.41,18.83,1.0,1.0,0.6592,UNSTABLE
f16r,11,6,10.86,16.11,1.0,1.0,0.8045,UNSTABLE
f16r,12,5,9.99,13.2,1.0,1.0,0.4541,UNSTABLE
f16r,13,4,12.33,30.24,1.0,1.0,0.6446,UNSTABLE
f16v,1,5,10.95,19.07,1.0,1.0,0.5445,UNSTABLE
f16v,2,5,13.3,35.63,1.0,1.0,0.624,UNSTABLE
f16v,3,6,8.77,14.22,1.0,1.0,0.37,UNSTABLE
f16v,4,5,8.5,11.95,1.0,1.0,0.6268,UNSTABLE
f16v,5,6,6.28,8.89,1.0,1.0,0.6238,UNSTABLE
f16v,6,6,8.73,14.8,1.0,1.0,0.5539,UNSTABLE
f16v,7,5,12.36,18.49,1.0,1.0,0.4011,UNSTABLE
f16v,8,8,7.59,25.06,1.0,1.0,0.5817,UNSTABLE
f16v,9,8,7.88,17.65,1.0,1.0,0.6679,UNSTABLE
f16v,10,7,9.66,18.31,1.0,1.0,0.7165,UNSTABLE
f16v,11,3,10.49,17.28,1.0,1.0,0.7642,UNSTABLE
f16v,12,4,5.01,8.93,1.0,1.0,0.7366,UNSTABLE
f16v,13,2,10.97,15.94,1.0,1.0,0.6129,UNSTABLE
f17r,1,9,8.68,14.57,1.0,1.0,0.5574,UNSTABLE
f17r,2,9,9.86,18.32,1.0,1.0,0.5229,UNSTABLE
f17r,3,7,9.75,24.71,1.0,1.0,0.4367,UNSTABLE
f17r,4,8,10.47,19.14,1.0,1.0,0.7282,UNSTABLE
f17r,5,8,8.62,24.36,1.0,1.0,0.4123,UNSTABLE
f17r,6,4,16.38,25.3,1.0,1.0,0.7885,UNSTABLE
f17r,7,4,21.67,46.45,1.0,1.0,0.4799,UNSTABLE
f17r,8,4,8.92,10.75,1.0,1.0,0.6979,UNSTABLE
f17r,9,5,8.15,13.87,1.0,1.0,0.5526,UNSTABLE
f17r,10,6,4.97,7.34,1.0,1.0,0.6063,UNSTABLE
f17r,11,5,9.11,18.49,1.0,1.0,0.6956,UNSTABLE
f17r,12,2,12.17,15.94,1.0,1.0,0.4581,UNSTABLE
f17r,13,2,7.74,8.4,1.0,1.0,0.7529,UNSTABLE
f17v,1,5,8.23,12.14,1.0,1.0,0.6068,UNSTABLE
f17v,2,6,8.78,12.88,1.0,1.0,0.609,UNSTABLE
f17v,3,6,8.46,14.22,1.0,1.0,0.557,UNSTABLE
f17v,4,5,14.44,40.57,1.0,1.0,0.4136,UNSTABLE
f17v,5,6,7.69,13.43,1.0,1.0,0.5436,UNSTABLE
f17v,6,5,7.73,18.49,1.0,1.0,0.6508,UNSTABLE
f17v,7,7,4.51,8.69,1.0,1.0,0.5114,UNSTABLE
f17v,8,6,6.42,12.96,1.0,1.0,0.6972,UNSTABLE
f17v,9,5,6.66,8.56,1.0,1.0,0.8668,UNSTABLE
f17v,10,5,12.51,20.8,1.0,1.0,0.5609,UNSTABLE
f17v,11,4,13.04,19.36,1.0,1.0,0.8041,UNSTABLE
f17v,12,6,5.45,12.53,1.0,1.0,0.461,UNSTABLE
f17v,13,6,6.2,8.95,1.0,1.0,0.6156,UNSTABLE
f17v,14,6,9.37,18.13,1.0,1.0,0.5101,UNSTABLE
f17v,15,6,6.59,11.75,1.0,1.0,0.5365,UNSTABLE
f17v,16,5,12.22,15.6,1.0,1.0,0.67,UNSTABLE
f17v,17,6,10.97,28.8,1.0,1.0,0.4285,UNSTABLE
f17v,18,7,5.09,10.68,1.0,1.0,0.486,UNSTABLE
f17v,19,5,9.05,18.49,1.0,1.0,0.4937,UNSTABLE
f17v,20,6,6.8,13.2,1.0,1.0,0.5091,UNSTABLE
f17v,21,7,5.06,12.56,1.0,1.0,0.6417,UNSTABLE
f17v,22,7,7.92,12.96,1.0,1.0,0.7667,UNSTABLE
f17v,23,4,15.2,25.72,1.0,1.0,0.5546,UNSTABLE
f18r,1,8,8.53,13.2,1.0,1.0,0.5877,UNSTABLE
f18r,2,7,11.3,19.18,1.0,1.0,0.7535,UNSTABLE
f18r,3,6,17.43,31.89,1.0,1.0,0.7279,UNSTABLE
f18r,4,5,12.66,24.96,1.0,1.0,0.5043,UNSTABLE
f18r,5,6,6.34,8.95,1.0,1.0,0.625,UNSTABLE
f18r,6,8,5.87,10.8,1.0,1.0,0.5261,UNSTABLE
f18r,7,5,7.8,13.87,1.0,1.0,0.7374,UNSTABLE
f18r,8,4,19.15,45.02,1.0,1.0,0.6552,UNSTABLE
f18r,9,4,11.76,18.97,1.0,1.0,0.572,UNSTABLE
f18r,10,5,7.39,21.57,1.0,1.0,0.6056,UNSTABLE
f18r,11,5,6.63,11.98,1.0,1.0,0.5321,UNSTABLE
f18r,12,5,9.06,19.44,1.0,1.0,0.6796,UNSTABLE
f18r,13,6,7.9,15.11,1.0,1.0,0.5137,UNSTABLE
f18r,14,2,14.26,17.72,1.0,1.0,0.4828,UNSTABLE
f18v,1,7,7.7,12.43,1.0,1.0,0.5717,UNSTABLE
f18v,2,9,9.78,19.02,1.0,1.0,0.7085,UNSTABLE
f18v,3,6,12.23,19.2,1.0,1.0,0.7822,UNSTABLE
f18v,4,6,10.58,18.13,1.0,1.0,0.7501,UNSTABLE
f18v,5,6,11.25,22.4,1.0,1.0,0.5013,UNSTABLE
f18v,6,7,9.47,21.6,1.0,1.0,0.6631,UNSTABLE
f18v,7,8,7.28,15.86,1.0,1.0,0.6754,UNSTABLE
f18v,8,7,5.21,8.27,1.0,1.0,0.578,UNSTABLE
f18v,9,6,10.75,18.13,1.0,1.0,0.7558,UNSTABLE
f18v,10,7,9.05,17.94,1.0,1.0,0.5027,UNSTABLE
f19r,1,9,10.03,19.02,1.0,1.0,0.7164,UNSTABLE
f19r,2,11,6.72,14.83,1.0,1.0,0.6719,UNSTABLE
f19r,3,6,4.73,7.16,1.0,1.0,0.5964,UNSTABLE
f19r,4,4,9.39,15.12,1.0,1.0,0.7726,UNSTABLE
f19r,5,5,7.49,12.33,1.0,1.0,0.7645,UNSTABLE
f19r,6,5,5.74,12.6,1.0,1.0,0.6733,UNSTABLE
f19r,7,7,5.61,8.88,1.0,1.0,0.5791,UNSTABLE
f19r,8,7,4.43,6.82,1.0,1.0,0.5897,UNSTABLE
f19r,9,6,7.35,16.0,1.0,1.0,0.4756,UNSTABLE
f19r,10,5,5.88,10.4,1.0,1.0,0.7392,UNSTABLE
f19r,11,4,12.26,16.59,1.0,1.0,0.4434,UNSTABLE
f19r,12,4,5.89,12.5,1.0,1.0,0.6827,UNSTABLE
f19r,13,2,10.67,15.94,1.0,1.0,0.6016,UNSTABLE
f19v,1,5,9.39,13.7,1.0,1.0,0.6112,UNSTABLE
f19v,2,6,10.41,22.55,1.0,1.0,0.677,UNSTABLE
f19v,3,5,8.26,15.41,1.0,1.0,0.5216,UNSTABLE
f19v,4,5,7.6,15.41,1.0,1.0,0.6959,UNSTABLE
f19v,5,5,9.99,16.13,1.0,1.0,0.7716,UNSTABLE
f19v,6,5,6.53,12.6,1.0,1.0,0.511,UNSTABLE
f19v,7,4,8.01,14.29,1.0,1.0,0.5363,UNSTABLE
f19v,8,5,10.47,19.44,1.0,1.0,0.7231,UNSTABLE
f19v,9,6,9.9,23.68,1.0,1.0,0.4508,UNSTABLE
f19v,10,6,9.78,28.99,1.0,1.0,0.6024,UNSTABLE
f19v,11,6,9.12,18.13,1.0,1.0,0.7018,UNSTABLE
f19v,12,6,8.84,23.77,1.0,1.0,0.6231,UNSTABLE
f19v,13,7,5.55,8.69,1.0,1.0,0.5832,UNSTABLE
f19v,14,2,11.29,14.17,1.0,1.0,0.6781,UNSTABLE
f20r,1,7,11.62,22.6,1.0,1.0,0.5085,UNSTABLE
f20r,2,7,10.93,19.38,1.0,1.0,0.5384,UNSTABLE
f20r,3,7,10.15,15.98,1.0,1.0,0.5811,UNSTABLE
f20r,4,4,10.72,26.8,1.0,1.0,0.44,UNSTABLE
f20r,5,7,9.12,13.2,1.0,1.0,0.6145,UNSTABLE
f20r,6,8,8.02,15.51,1.0,1.0,0.7103,UNSTABLE
f20r,7,7,7.3,12.0,1.0,1.0,0.765,UNSTABLE
f20r,8,4,7.19,16.08,1.0,1.0,0.4683,UNSTABLE
f20r,9,6,16.1,22.55,1.0,1.0,0.8284,UNSTABLE
f20r,10,8,6.75,12.6,1.0,1.0,0.5214,UNSTABLE
f20r,11,6,13.44,25.77,1.0,1.0,0.5129,UNSTABLE
f20r,12,8,8.12,18.79,1.0,1.0,0.6593,UNSTABLE
f20r,13,4,9.78,17.57,1.0,1.0,0.534,UNSTABLE
f20v,1,8,11.11,19.61,1.0,1.0,0.5399,UNSTABLE
f20v,2,10,6.18,12.42,1.0,1.0,0.6986,UNSTABLE
f20v,3,8,10.44,14.95,1.0,1.0,0.819,UNSTABLE
f20v,4,5,5.92,13.87,1.0,1.0,0.6561,UNSTABLE
f20v,5,9,7.43,14.09,1.0,1.0,0.7164,UNSTABLE
f20v,6,8,9.42,17.62,1.0,1.0,0.5208,UNSTABLE
f20v,7,7,6.5,8.97,1.0,1.0,0.8348,UNSTABLE
f20v,8,8,4.28,10.05,1.0,1.0,0.6555,UNSTABLE
f20v,9,8,7.17,11.48,1.0,1.0,0.5747,UNSTABLE
f20v,10,7,5.62,10.14,1.0,1.0,0.7325,UNSTABLE
f20v,11,4,13.18,19.33,1.0,1.0,0.6091,UNSTABLE
f21r,1,8,9.9,28.19,1.0,1.0,0.4107,UNSTABLE
f21r,2,8,11.71,32.35,1.0,1.0,0.6172,UNSTABLE
f21r,3,9,8.11,22.19,1.0,1.0,0.6193,UNSTABLE
f21r,4,6,13.06,22.4,1.0,1.0,0.7498,UNSTABLE
f21r,5,8,12.13,22.95,1.0,1.0,0.7171,UNSTABLE
f21r,6,9,9.28,19.02,1.0,1.0,0.6927,UNSTABLE
f21r,7,5,9.28,20.55,1.0,1.0,0.4709,UNSTABLE
f21r,8,7,8.72,14.4,1.0,1.0,0.5633,UNSTABLE
f21r,9,8,7.72,14.39,1.0,1.0,0.7219,UNSTABLE
f21r,10,8,10.24,22.67,1.0,1.0,0.471,UNSTABLE
f21r,11,9,7.26,10.8,1.0,1.0,0.8033,UNSTABLE
f21r,12,8,7.0,13.84,1.0,1.0,0.7035,UNSTABLE
f21v,1,7,10.97,20.83,1.0,1.0,0.716,UNSTABLE
f21v,2,8,11.33,19.43,1.0,1.0,0.7499,UNSTABLE
f21v,3,9,8.03,14.76,1.0,1.0,0.7264,UNSTABLE
f21v,4,7,7.4,18.31,1.0,1.0,0.6425,UNSTABLE
f21v,5,8,6.43,14.39,1.0,1.0,0.6681,UNSTABLE
f21v,6,6,6.73,13.43,1.0,1.0,0.7007,UNSTABLE
f21v,7,6,6.65,10.07,1.0,1.0,0.5962,UNSTABLE
f21v,8,3,9.53,23.39,1.0,1.0,0.4445,UNSTABLE
f22r,1,10,7.85,15.05,1.0,1.0,0.713,UNSTABLE
f22r,2,12,6.0,22.54,1.0,1.0,0.5597,UNSTABLE
f22r,3,8,8.17,11.07,1.0,1.0,0.8428,UNSTABLE
f22r,4,8,6.56,10.44,1.0,1.0,0.777,UNSTABLE
f22r,5,8,10.09,39.86,1.0,1.0,0.5519,UNSTABLE
f22r,6,3,14.24,26.99,1.0,1.0,0.3166,UNSTABLE
f22r,7,8,10.47,24.67,1.0,1.0,0.6546,UNSTABLE
f22r,8,8,8.06,19.13,1.0,1.0,0.6528,UNSTABLE
f22r,9,5,10.41,26.0,1.0,1.0,0.4402,UNSTABLE
f22r,10,8,11.23,48.77,1.0,1.0,0.5382,UNSTABLE
f22r,11,9,10.67,21.81,1.0,1.0,0.6935,UNSTABLE
f22r,12,6,8.89,15.11,1.0,1.0,0.753,UNSTABLE
f22r,13,4,12.64,23.22,1.0,1.0,0.5266,UNSTABLE
f22v,1,7,8.14,10.98,1.0,1.0,0.6448,UNSTABLE
f22v,2,6,9.33,18.13,1.0,1.0,0.7088,UNSTABLE
f22v,3,6,11.34,28.44,1.0,1.0,0.6392,UNSTABLE
f22v,4,4,21.06,66.41,1.0,1.0,0.5903,UNSTABLE
f22v,5,3,7.55,14.39,1.0,1.0,0.7148,UNSTABLE
f22v,6,3,5.82,7.26,1.0,1.0,0.681,UNSTABLE
f22v,7,4,9.29,22.14,1.0,1.0,0.6518,UNSTABLE
f22v,8,5,8.81,15.41,1.0,1.0,0.743,UNSTABLE
f22v,9,5,9.34,12.96,1.0,1.0,0.6324,UNSTABLE
f22v,10,4,7.3,12.96,1.0,1.0,0.738,UNSTABLE
f22v,11,3,4.21,4.84,1.0,1.0,0.7219,UNSTABLE
f22v,12,3,5.74,7.2,1.0,1.0,0.8783,UNSTABLE
f22v,13,3,13.0,15.12,1.0,1.0,0.7159,UNSTABLE
f22v,14,4,10.58,21.6,1.0,1.0,0.6939,UNSTABLE
f22v,15,5,9.59,19.44,1.0,1.0,0.496,UNSTABLE
f22v,16,2,14.54,19.49,1.0,1.0,0.6476,UNSTABLE
f23r,1,10,8.63,17.98,1.0,1.0,0.688,UNSTABLE
f23r,2,11,5.5,12.24,1.0,1.0,0.6696,UNSTABLE
f23r,3,6,6.68,14.22,1.0,1.0,0.6819,UNSTABLE
f23r,4,9,10.24,18.9,1.0,1.0,0.7251,UNSTABLE
f23r,5,11,6.95,17.79,1.0,1.0,0.6344,UNSTABLE
f23r,6,11,8.21,20.12,1.0,1.0,0.6448,UNSTABLE
f23r,7,11,8.17,22.47,1.0,1.0,0.6182,UNSTABLE
f23r,8,9,11.61,22.05,1.0,1.0,0.7159,UNSTABLE
f23r,9,7,15.95,36.52,1.0,1.0,0.662,UNSTABLE
f23r,10,6,12.15,23.11,1.0,1.0,0.7154,UNSTABLE
f23r,11,2,13.37,15.94,1.0,1.0,0.5033,UNSTABLE
f23v,1,9,9.98,18.32,1.0,1.0,0.7269,UNSTABLE
f23v,2,7,15.44,23.81,1.0,1.0,0.7891,UNSTABLE
f23v,3,8,13.99,40.17,1.0,1.0,0.609,UNSTABLE
f23v,4,4,17.68,41.09,1.0,1.0,0.6582,UNSTABLE
f23v,5,4,9.25,17.86,1.0,1.0,0.5108,UNSTABLE
f23v,6,6,9.36,12.88,1.0,1.0,0.836,UNSTABLE
f23v,7,8,7.59,19.14,1.0,1.0,0.6379,UNSTABLE
f23v,8,7,10.35,19.18,1.0,1.0,0.7238,UNSTABLE
f23v,9,8,6.98,15.66,1.0,1.0,0.6674,UNSTABLE
f23v,10,6,10.01,28.44,1.0,1.0,0.4112,UNSTABLE
f23v,11,6,8.04,16.11,1.0,1.0,0.4994,UNSTABLE
f23v,12,3,11.29,16.19,1.0,1.0,0.6184,UNSTABLE
f24r,1,7,6.59,13.2,1.0,1.0,0.6995,UNSTABLE
f24r,2,5,14.24,35.63,1.0,1.0,0.4398,UNSTABLE
f24r,3,5,10.03,16.2,1.0,1.0,0.5715,UNSTABLE
f24r,4,6,6.18,11.74,1.0,1.0,0.5158,UNSTABLE
f24r,5,7,6.29,10.8,1.0,1.0,0.5494,UNSTABLE
f24r,6,5,10.59,22.67,1.0,1.0,0.6803,UNSTABLE
f24r,7,6,8.0,14.8,1.0,1.0,0.5243,UNSTABLE
f24r,8,6,7.69,17.76,1.0,1.0,0.6598,UNSTABLE
f24r,9,5,11.11,33.9,1.0,1.0,0.3966,UNSTABLE
f24r,10,7,4.37,7.25,1.0,1.0,0.5617,UNSTABLE
f24r,11,5,10.84,18.72,1.0,1.0,0.7474,UNSTABLE
f24r,12,5,9.31,16.13,1.0,1.0,0.7463,UNSTABLE
f24r,13,6,5.34,8.89,1.0,1.0,0.5604,UNSTABLE
f24r,14,5,7.81,9.25,1.0,1.0,0.7066,UNSTABLE
f24r,15,5,5.52,9.6,1.0,1.0,0.545,UNSTABLE
f24r,16,5,6.8,13.44,1.0,1.0,0.5036,UNSTABLE
f24r,17,5,7.44,9.36,1.0,1.0,0.6769,UNSTABLE
f24r,18,5,5.28,7.2,1.0,1.0,0.84,UNSTABLE
f24r,19,5,6.85,12.14,1.0,1.0,0.5386,UNSTABLE
f24r,20,2,9.77,15.94,1.0,1.0,0.5678,UNSTABLE
f24v,1,8,10.58,16.61,1.0,1.0,0.5822,UNSTABLE
f24v,2,9,10.48,24.6,1.0,1.0,0.6556,UNSTABLE
f24v,3,6,12.29,26.85,1.0,1.0,0.4746,UNSTABLE
f24v,4,6,8.51,19.33,1.0,1.0,0.6641,UNSTABLE
f24v,5,4,6.63,10.72,1.0,1.0,0.5711,UNSTABLE
f24v,6,6,9.15,21.82,1.0,1.0,0.4516,UNSTABLE
f24v,7,4,6.44,7.2,1.0,1.0,0.7367,UNSTABLE
f24v,8,4,6.75,9.22,1.0,1.0,0.8393,UNSTABLE
f24v,9,5,4.15,6.0,1.0,1.0,0.615,UNSTABLE
f24v,10,4,9.09,12.96,1.0,1.0,0.6208,UNSTABLE
f24v,11,4,13.2,25.72,1.0,1.0,0.5079,UNSTABLE
f24v,12,7,11.3,32.29,1.0,1.0,0.61,UNSTABLE
f24v,13,7,6.34,12.2,1.0,1.0,0.7118,UNSTABLE
f24v,14,5,7.59,12.0,1.0,1.0,0.5795,UNSTABLE
f24v,15,4,9.61,15.81,1.0,1.0,0.5647,UNSTABLE
f24v,16,2,11.57,15.94,1.0,1.0,0.6355,UNSTABLE
f25r,1,8,9.7,22.62,1.0,1.0,0.6573,UNSTABLE
f25r,2,9,7.78,16.4,1.0,1.0,0.4846,UNSTABLE
f25r,3,9,7.72,15.4,1.0,1.0,0.7008,UNSTABLE
f25r,4,8,8.27,19.93,1.0,1.0,0.449,UNSTABLE
f25r,5,7,9.17,21.6,1.0,1.0,0.6547,UNSTABLE
f25r,6,2,7.86,8.64,1.0,1.0,0.7458,UNSTABLE
f25r,7,3,9.63,14.39,1.0,1.0,0.6015,UNSTABLE
f25v,1,7,13.15,30.2,1.0,1.0,0.6613,UNSTABLE
f25v,2,9,6.2,25.36,1.0,1.0,0.5467,UNSTABLE
f25v,3,7,8.04,17.94,1.0,1.0,0.6689,UNSTABLE
f25v,4,8,9.17,15.51,1.0,1.0,0.7547,UNSTABLE
f25v,5,9,6.97,19.44,1.0,1.0,0.6151,UNSTABLE
f25v,6,7,15.61,38.68,1.0,1.0,0.6421,UNSTABLE
f25v,7,5,12.48,32.94,1.0,1.0,0.6273,UNSTABLE
f26r,1,6,18.69,36.25,1.0,1.0,0.5094,UNSTABLE
f26r,2,7,9.46,29.76,1.0,1.0,0.3907,UNSTABLE
f26r,3,9,6.69,12.33,1.0,1.0,0.5255,UNSTABLE
f26r,4,7,14.07,44.74,1.0,1.0,0.5887,UNSTABLE
f26r,5,8,7.89,17.21,1.0,1.0,0.6751,UNSTABLE
f26r,6,2,16.15,28.7,1.0,1.0,0.7376,UNSTABLE
f26r,7,7,15.65,46.64,1.0,1.0,0.6013,UNSTABLE
f26r,8,7,15.43,25.57,1.0,1.0,0.7621,UNSTABLE
f26r,9,7,15.16,37.67,1.0,1.0,0.4415,UNSTABLE
f26r,10,4,11.61,28.58,1.0,1.0,0.4437,UNSTABLE
f26v,1,10,8.63,15.32,1.0,1.0,0.738,UNSTABLE
f26v,2,10,8.42,19.17,1.0,1.0,0.6635,UNSTABLE
f26v,3,12,7.17,18.85,1.0,1.0,0.4282,UNSTABLE
f26v,4,10,9.85,20.4,1.0,1.0,0.6897,UNSTABLE
f26v,5,10,11.15,20.25,1.0,1.0,0.7304,UNSTABLE
f26v,6,11,6.09,15.26,1.0,1.0,0.6394,UNSTABLE
f26v,7,10,6.57,10.54,1.0,1.0,0.574,UNSTABLE
f26v,8,10,9.42,22.66,1.0,1.0,0.6494,UNSTABLE
f26v,9,5,11.3,16.13,1.0,1.0,0.4203,UNSTABLE
f27r,1,6,9.03,17.77,1.0,1.0,0.5049,UNSTABLE
f27r,2,7,8.44,23.87,1.0,1.0,0.6121,UNSTABLE
f27r,3,9,5.95,9.02,1.0,1.0,0.7958,UNSTABLE
f27r,4,7,8.67,18.76,1.0,1.0,0.6773,UNSTABLE
f27r,5,5,9.76,18.9,1.0,1.0,0.5098,UNSTABLE
f27r,6,5,16.67,46.79,1.0,1.0,0.4138,UNSTABLE
f27r,7,7,10.23,17.05,1.0,1.0,0.56,UNSTABLE
f27r,8,7,8.27,18.76,1.0,1.0,0.4645,UNSTABLE
f27r,9,5,11.73,24.27,1.0,1.0,0.49,UNSTABLE
f27r,10,7,5.9,15.12,1.0,1.0,0.4341,UNSTABLE
f27r,11,6,6.73,10.66,1.0,1.0,0.5788,UNSTABLE
f27r,12,5,7.43,11.95,1.0,1.0,0.5731,UNSTABLE
f27r,13,1,19.2,19.2,1.0,1.0,0.6,UNSTABLE
f27v,1,9,7.45,10.8,1.0,1.0,0.8139,UNSTABLE
f27v,2,11,5.94,7.98,1.0,1.0,0.6466,UNSTABLE
f27v,3,8,9.14,13.07,1.0,1.0,0.6196,UNSTABLE
f27v,4,8,10.36,16.34,1.0,1.0,0.5804,UNSTABLE
f27v,5,5,16.1,26.99,1.0,1.0,0.7579,UNSTABLE
f27v,6,3,37.22,97.16,1.0,1.0,0.4298,UNSTABLE
f27v,7,3,23.5,53.98,1.0,1.0,0.2612,UNSTABLE
f27v,8,2,25.61,38.26,1.0,1.0,0.6016,UNSTABLE
f28r,1,7,12.39,25.12,1.0,1.0,0.6959,UNSTABLE
f28r,2,8,8.35,17.4,1.0,1.0,0.4879,UNSTABLE
f28r,3,6,12.69,24.88,1.0,1.0,0.506,UNSTABLE
f28r,4,7,10.47,21.53,1.0,1.0,0.6918,UNSTABLE
f28r,5,5,15.5,37.79,1.0,1.0,0.4461,UNSTABLE
f28r,6,6,15.44,19.69,1.0,1.0,0.8705,UNSTABLE
f28r,7,7,7.54,12.56,1.0,1.0,0.7602,UNSTABLE
f28r,8,7,10.08,21.53,1.0,1.0,0.6809,UNSTABLE
f28r,9,4,9.55,16.08,1.0,1.0,0.5563,UNSTABLE
f28v,1,8,9.16,18.09,1.0,1.0,0.5038,UNSTABLE
f28v,2,9,9.95,23.62,1.0,1.0,0.6528,UNSTABLE
f28v,3,4,7.47,16.08,1.0,1.0,0.4787,UNSTABLE
f28v,4,10,6.0,15.97,1.0,1.0,0.6254,UNSTABLE
f28v,5,8,9.04,21.93,1.0,1.0,0.6473,UNSTABLE
f28v,6,2,10.36,17.72,1.0,1.0,0.7508,UNSTABLE
f28v,7,8,10.28,29.58,1.0,1.0,0.6085,UNSTABLE
f28v,8,6,9.0,20.44,1.0,1.0,0.4642,UNSTABLE
f28v,9,6,7.87,14.32,1.0,1.0,0.5297,UNSTABLE
f29r,1,8,9.3,18.79,1.0,1.0,0.497,UNSTABLE
f29r,2,8,8.91,12.46,1.0,1.0,0.6291,UNSTABLE
f29r,3,6,9.69,12.96,1.0,1.0,0.8486,UNSTABLE
f29r,4,3,10.87,12.6,1.0,1.0,0.7176,UNSTABLE
f29r,5,7,10.01,22.17,1.0,1.0,0.4709,UNSTABLE
f29r,6,5,7.95,13.87,1.0,1.0,0.7439,UNSTABLE
f29r,7,6,13.69,24.88,1.0,1.0,0.7301,UNSTABLE
f29r,8,6,14.18,54.39,1.0,1.0,0.3564,UNSTABLE
f29r,9,6,8.72,13.16,1.0,1.0,0.7976,UNSTABLE
f29v,1,8,9.21,24.36,1.0,1.0,0.6268,UNSTABLE
f29v,2,8,8.53,21.6,1.0,1.0,0.4369,UNSTABLE
f29v,3,10,7.13,19.17,1.0,1.0,0.4232,UNSTABLE
f29v,4,8,12.16,22.62,1.0,1.0,0.7225,UNSTABLE
f29v,5,4,13.9,33.94,1.0,1.0,0.4457,UNSTABLE
f29v,6,5,12.57,43.34,1.0,1.0,0.374,UNSTABLE
f29v,7,6,11.36,33.77,1.0,1.0,0.6018,UNSTABLE
f29v,8,6,14.09,46.53,1.0,1.0,0.5817,UNSTABLE
f29v,9,6,9.71,36.18,1.0,1.0,0.361,UNSTABLE
f29v,10,3,27.6,59.38,1.0,1.0,0.6789,UNSTABLE
f29v,11,3,21.97,46.78,1.0,1.0,0.6818,UNSTABLE
f29v,12,3,8.63,10.8,1.0,1.0,0.6794,UNSTABLE
f30r,1,10,7.75,13.38,1.0,1.0,0.3475,UNSTABLE
f30r,2,10,6.08,9.64,1.0,1.0,0.5784,UNSTABLE
f30r,3,7,7.05,15.25,1.0,1.0,0.4774,UNSTABLE
f30r,4,7,11.35,27.46,1.0,1.0,0.648,UNSTABLE
f30r,5,6,9.08,18.49,1.0,1.0,0.6946,UNSTABLE
f30r,6,8,5.25,10.57,1.0,1.0,0.498,UNSTABLE
f30r,7,3,10.1,19.79,1.0,1.0,0.5062,UNSTABLE
f30r,8,4,26.45,61.09,1.0,1.0,0.4598,UNSTABLE
f30r,9,6,9.25,15.84,1.0,1.0,0.5504,UNSTABLE
f30r,10,5,16.48,48.59,1.0,1.0,0.4035,UNSTABLE
f30r,11,7,8.75,20.46,1.0,1.0,0.6566,UNSTABLE
f30r,12,6,8.49,16.45,1.0,1.0,0.7097,UNSTABLE
f30r,13,4,11.0,19.65,1.0,1.0,0.5359,UNSTABLE
f30v,1,7,8.67,15.0,1.0,1.0,0.5468,UNSTABLE
f30v,2,9,7.46,15.12,1.0,1.0,0.696,UNSTABLE
f30v,3,8,7.91,22.15,1.0,1.0,0.6143,UNSTABLE
f30v,4,6,8.88,22.4,1.0,1.0,0.6379,UNSTABLE
f30v,5,5,6.83,12.14,1.0,1.0,0.5376,UNSTABLE
f30v,6,4,12.28,15.12,1.0,1.0,0.8873,UNSTABLE
f30v,7,4,11.39,19.97,1.0,1.0,0.5422,UNSTABLE
f30v,8,4,8.18,10.75,1.0,1.0,0.6566,UNSTABLE
f30v,9,4,10.32,15.12,1.0,1.0,0.6095,UNSTABLE
f30v,10,4,6.24,10.75,1.0,1.0,0.7483,UNSTABLE
f30v,11,4,9.47,16.08,1.0,1.0,0.7534,UNSTABLE
f31r,1,6,15.12,31.99,1.0,1.0,0.6836,UNSTABLE
f31r,2,8,8.51,19.03,1.0,1.0,0.6683,UNSTABLE
f31r,3,8,9.45,19.03,1.0,1.0,0.698,UNSTABLE
f31r,4,7,9.23,13.73,1.0,1.0,0.8034,UNSTABLE
f31r,5,3,14.48,29.15,1.0,1.0,0.698,UNSTABLE
f31r,6,7,13.34,19.73,1.0,1.0,0.8057,UNSTABLE
f31r,7,8,8.33,19.43,1.0,1.0,0.6572,UNSTABLE
f31r,8,7,11.09,22.6,1.0,1.0,0.6944,UNSTABLE
f31r,9,4,12.93,25.72,1.0,1.0,0.5016,UNSTABLE
f31r,10,7,14.32,22.6,1.0,1.0,0.7802,UNSTABLE
f31r,11,8,10.65,20.08,1.0,1.0,0.7182,UNSTABLE
f31r,12,6,9.4,15.11,1.0,1.0,0.5733,UNSTABLE
f31r,13,5,7.75,18.82,1.0,1.0,0.4471,UNSTABLE
f31r,14,5,7.96,18.72,1.0,1.0,0.6551,UNSTABLE
f31r,15,3,15.6,19.43,1.0,1.0,0.6817,UNSTABLE
f31r,16,2,10.36,17.72,1.0,1.0,0.5508,UNSTABLE
f31v,1,10,8.86,29.13,1.0,1.0,0.5825,UNSTABLE
f31v,2,9,10.56,20.4,1.0,1.0,0.7106,UNSTABLE
f31v,3,10,9.55,18.06,1.0,1.0,0.7173,UNSTABLE
f31v,4,10,10.0,18.79,1.0,1.0,0.7193,UNSTABLE
f31v,5,3,11.23,17.99,1.0,1.0,0.5745,UNSTABLE
f31v,6,10,8.44,14.38,1.0,1.0,0.5522,UNSTABLE
f31v,7,10,10.46,16.18,1.0,1.0,0.7879,UNSTABLE
f31v,8,8,12.13,28.19,1.0,1.0,0.4582,UNSTABLE
f31v,9,9,10.03,14.57,1.0,1.0,0.613,UNSTABLE
f31v,10,13,5.36,10.73,1.0,1.0,0.4997,UNSTABLE
f31v,11,8,8.47,16.19,1.0,1.0,0.7139,UNSTABLE
f32r,1,7,10.03,17.76,1.0,1.0,0.5389,UNSTABLE
f32r,2,6,13.28,23.11,1.0,1.0,0.5448,UNSTABLE
f32r,3,6,8.51,15.12,1.0,1.0,0.7377,UNSTABLE
f32r,4,5,9.59,13.44,1.0,1.0,0.6281,UNSTABLE
f32r,5,3,14.93,17.43,1.0,1.0,0.7139,UNSTABLE
f32r,6,2,8.63,8.86,1.0,1.0,0.7844,UNSTABLE
f32r,7,3,7.41,12.6,1.0,1.0,0.7529,UNSTABLE
f32r,8,3,6.74,10.8,1.0,1.0,0.7744,UNSTABLE
f32r,9,2,5.64,7.09,1.0,1.0,0.6773,UNSTABLE
f32r,10,2,5.93,8.86,1.0,1.0,0.6016,UNSTABLE
f32r,11,3,5.97,11.3,1.0,1.0,0.517,UNSTABLE
f32r,12,2,9.49,14.17,1.0,1.0,0.6018,UNSTABLE
f32r,13,4,6.35,10.8,1.0,1.0,0.7528,UNSTABLE
f32r,14,4,9.91,22.12,1.0,1.0,0.6688,UNSTABLE
f32r,15,4,9.79,13.83,1.0,1.0,0.8247,UNSTABLE
f32r,16,3,6.95,7.2,1.0,1.0,0.7792,UNSTABLE
f32r,17,2,9.51,10.63,1.0,1.0,0.7368,UNSTABLE
f32r,18,2,7.7,12.4,1.0,1.0,0.5726,UNSTABLE
f32r,19,3,7.49,10.8,1.0,1.0,0.6161,UNSTABLE
f32v,1,4,20.7,37.51,1.0,1.0,0.5311,UNSTABLE
f32v,2,8,6.34,13.92,1.0,1.0,0.6733,UNSTABLE
f32v,3,8,6.19,15.94,1.0,1.0,0.633,UNSTABLE
f32v,4,5,19.52,74.5,1.0,1.0,0.5572,UNSTABLE
f32v,5,8,6.99,19.13,1.0,1.0,0.6192,UNSTABLE
f32v,6,3,13.64,17.99,1.0,1.0,0.6549,UNSTABLE
f32v,7,9,8.25,21.32,1.0,1.0,0.4322,UNSTABLE
f32v,8,6,14.19,47.99,1.0,1.0,0.5774,UNSTABLE
f32v,9,6,9.14,12.96,1.0,1.0,0.8231,UNSTABLE
f32v,10,8,6.53,10.44,1.0,1.0,0.7753,UNSTABLE
f32v,11,3,6.01,10.8,1.0,1.0,0.5339,UNSTABLE
f33r,1,9,12.26,34.87,1.0,1.0,0.611,UNSTABLE
f33r,2,10,10.46,22.66,1.0,1.0,0.677,UNSTABLE
f33r,3,11,7.79,18.69,1.0,1.0,0.6501,UNSTABLE
f33r,4,12,5.69,19.32,1.0,1.0,0.5767,UNSTABLE
f33r,5,12,5.95,12.34,1.0,1.0,0.6893,UNSTABLE
f33r,6,8,11.33,19.43,1.0,1.0,0.7499,UNSTABLE
f33r,7,9,7.05,19.93,1.0,1.0,0.6122,UNSTABLE
f33v,1,6,10.5,21.47,1.0,1.0,0.6934,UNSTABLE
f33v,2,7,10.19,24.8,1.0,1.0,0.4465,UNSTABLE
f33v,3,6,15.41,31.99,1.0,1.0,0.489,UNSTABLE
f33v,4,7,10.15,19.53,1.0,1.0,0.5118,UNSTABLE
f33v,5,8,14.35,44.12,1.0,1.0,0.5951,UNSTABLE
f33v,6,8,8.66,17.53,1.0,1.0,0.4964,UNSTABLE
f33v,7,8,13.65,34.46,1.0,1.0,0.6377,UNSTABLE
f33v,8,11,8.92,16.05,1.0,1.0,0.5335,UNSTABLE
f33v,9,10,5.72,18.07,1.0,1.0,0.5899,UNSTABLE
f33v,10,7,8.34,18.42,1.0,1.0,0.4717,UNSTABLE
f33v,11,4,6.55,12.5,1.0,1.0,0.5144,UNSTABLE
f34r,1,8,10.98,22.2,1.0,1.0,0.4968,UNSTABLE
f34r,2,7,7.85,12.4,1.0,1.0,0.5798,UNSTABLE
f34r,3,10,9.32,19.28,1.0,1.0,0.49,UNSTABLE
f34r,4,8,8.11,17.62,1.0,1.0,0.6762,UNSTABLE
f34r,5,8,10.74,21.59,1.0,1.0,0.6985,UNSTABLE
f34r,6,8,8.93,16.74,1.0,1.0,0.5201,UNSTABLE
f34r,7,7,11.28,26.45,1.0,1.0,0.6559,UNSTABLE
f34r,8,5,23.61,77.97,1.0,1.0,0.5817,UNSTABLE
f34r,9,6,26.51,100.35,1.0,1.0,0.5585,UNSTABLE
f34r,10,4,15.21,21.08,1.0,1.0,0.6329,UNSTABLE
f34r,11,6,11.67,26.85,1.0,1.0,0.6608,UNSTABLE
f34r,12,11,8.52,20.12,1.0,1.0,0.6541,UNSTABLE
f34r,13,10,8.11,22.36,1.0,1.0,0.6176,UNSTABLE
f34r,14,9,12.38,35.64,1.0,1.0,0.6084,UNSTABLE
f34r,15,6,13.91,27.96,1.0,1.0,0.6985,UNSTABLE
f34v,1,10,11.04,22.66,1.0,1.0,0.4923,UNSTABLE
f34v,2,11,7.78,15.57,1.0,1.0,0.6998,UNSTABLE
f34v,3,12,6.3,12.77,1.0,1.0,0.496,UNSTABLE
f34v,4,10,8.38,21.92,1.0,1.0,0.6294,UNSTABLE
f34v,5,10,9.0,13.97,1.0,1.0,0.7865,UNSTABLE
f34v,6,9,10.11,20.4,1.0,1.0,0.6974,UNSTABLE
f34v,7,11,7.08,18.32,1.0,1.0,0.6319,UNSTABLE
f34v,8,10,7.12,15.47,1.0,1.0,0.6761,UNSTABLE
f34v,9,10,8.61,18.06,1.0,1.0,0.686,UNSTABLE
f34v,10,12,7.08,19.36,1.0,1.0,0.6194,UNSTABLE
f34v,11,6,11.16,38.48,1.0,1.0,0.374,UNSTABLE
f35r,1,5,12.58,26.89,1.0,1.0,0.4807,UNSTABLE
f35r,2,4,13.05,22.14,1.0,1.0,0.7537,UNSTABLE
f35r,3,5,9.63,21.57,1.0,1.0,0.4679,UNSTABLE
f35r,4,6,9.12,12.96,1.0,1.0,0.8222,UNSTABLE
f35r,5,6,6.5,10.74,1.0,1.0,0.7631,UNSTABLE
f35r,6,4,5.46,7.03,1.0,1.0,0.866,UNSTABLE
f35r,7,3,5.94,9.0,1.0,1.0,0.596,UNSTABLE
f35r,8,3,11.27,14.39,1.0,1.0,0.8699,UNSTABLE
f35r,9,5,6.67,9.0,1.0,1.0,0.6447,UNSTABLE
f35r,10,8,4.55,9.56,1.0,1.0,0.6856,UNSTABLE
f35r,11,6,11.25,37.33,1.0,1.0,0.3808,UNSTABLE
f35r,12,7,6.25,13.73,1.0,1.0,0.4731,UNSTABLE
f35r,13,6,13.81,27.19,1.0,1.0,0.7047,UNSTABLE
f35r,14,7,11.33,20.46,1.0,1.0,0.7323,UNSTABLE
f35r,15,5,5.43,13.87,1.0,1.0,0.6349,UNSTABLE
f35v,1,4,6.4,10.75,1.0,1.0,0.7572,UNSTABLE
f35v,2,4,8.37,12.96,1.0,1.0,0.5875,UNSTABLE
f35v,3,4,5.98,8.78,1.0,1.0,0.8087,UNSTABLE
f35v,4,4,9.19,16.59,1.0,1.0,0.3324,UNSTABLE
f35v,5,3,9.07,11.3,1.0,1.0,0.6816,UNSTABLE
f35v,6,4,9.03,14.06,1.0,1.0,0.7853,UNSTABLE
f35v,7,5,7.17,14.4,1.0,1.0,0.6987,UNSTABLE
f35v,8,5,6.97,12.6,1.0,1.0,0.5319,UNSTABLE
f35v,9,3,11.99,19.44,1.0,1.0,0.7701,UNSTABLE
f35v,10,3,11.27,15.12,1.0,1.0,0.6472,UNSTABLE
f35v,11,2,15.42,23.76,1.0,1.0,0.5894,UNSTABLE
f35v,12,5,5.65,17.34,1.0,1.0,0.3955,UNSTABLE
f35v,13,5,4.81,8.67,1.0,1.0,0.7329,UNSTABLE
f35v,14,4,4.41,5.27,1.0,1.0,0.7021,UNSTABLE
f35v,15,4,8.41,15.81,1.0,1.0,0.5192,UNSTABLE
f35v,16,3,7.84,14.53,1.0,1.0,0.5237,UNSTABLE
f35v,17,4,6.39,10.54,1.0,1.0,0.7638,UNSTABLE
f35v,18,4,10.87,19.36,1.0,1.0,0.7369,UNSTABLE
f35v,19,4,7.28,9.22,1.0,1.0,0.8738,UNSTABLE
f35v,20,5,5.59,7.2,1.0,1.0,0.6658,UNSTABLE
f35v,21,3,6.27,12.6,1.0,1.0,0.4986,UNSTABLE
f36r,1,8,8.87,18.0,1.0,1.0,0.4957,UNSTABLE
f36r,2,8,9.3,22.2,1.0,1.0,0.4514,UNSTABLE
f36r,3,5,9.73,17.34,1.0,1.0,0.7367,UNSTABLE
f36r,4,6,15.73,30.42,1.0,1.0,0.5103,UNSTABLE
f36r,5,6,11.23,26.66,1.0,1.0,0.6527,UNSTABLE
f36r,6,5,8.92,13.87,1.0,1.0,0.7859,UNSTABLE
f36r,7,4,27.84,70.74,1.0,1.0,0.4361,UNSTABLE
f36r,8,4,5.03,7.68,1.0,1.0,0.593,UNSTABLE
f36r,9,3,8.94,14.39,1.0,1.0,0.7728,UNSTABLE
f36v,1,8,12.01,32.39,1.0,1.0,0.6225,UNSTABLE
f36v,2,10,7.56,16.18,1.0,1.0,0.6803,UNSTABLE
f36v,3,6,9.61,21.15,1.0,1.0,0.4726,UNSTABLE
f36v,4,3,14.68,15.12,1.0,1.0,0.7825,UNSTABLE
f36v,5,4,6.77,12.5,1.0,1.0,0.725,UNSTABLE
f36v,6,5,4.32,5.4,1.0,1.0,0.88,UNSTABLE
f36v,7,4,15.59,28.58,1.0,1.0,0.7273,UNSTABLE
f36v,8,5,6.92,10.8,1.0,1.0,0.5844,UNSTABLE
f36v,9,3,12.7,16.14,1.0,1.0,0.8721,UNSTABLE
f36v,10,3,8.54,10.8,1.0,1.0,0.8744,UNSTABLE
f36v,11,3,8.03,10.8,1.0,1.0,0.4461,UNSTABLE
f36v,12,3,7.95,12.6,1.0,1.0,0.5786,UNSTABLE
f36v,13,4,6.31,8.78,1.0,1.0,0.6312,UNSTABLE
f36v,14,2,9.47,15.94,1.0,1.0,0.5565,UNSTABLE
f37r,1,8,8.7,15.23,1.0,1.0,0.7427,UNSTABLE
f37r,2,8,10.86,22.2,1.0,1.0,0.6935,UNSTABLE
f37r,3,5,15.61,28.09,1.0,1.0,0.7334,UNSTABLE
f37r,4,5,11.03,17.34,1.0,1.0,0.7817,UNSTABLE
f37r,5,5,11.79,21.57,1.0,1.0,0.728,UNSTABLE
f37r,6,5,16.61,51.83,1.0,1.0,0.5923,UNSTABLE
f37r,7,5,8.08,16.2,1.0,1.0,0.6993,UNSTABLE
f37r,8,7,10.07,20.83,1.0,1.0,0.6901,UNSTABLE
f37r,9,6,14.87,47.99,1.0,1.0,0.3859,UNSTABLE
f37r,10,7,9.52,22.17,1.0,1.0,0.6576,UNSTABLE
f37r,11,5,8.2,13.87,1.0,1.0,0.7547,UNSTABLE
f37v,1,5,13.14,21.57,1.0,1.0,0.5655,UNSTABLE
f37v,2,5,4.9,8.1,1.0,1.0,0.763,UNSTABLE
f37v,3,5,6.88,15.12,1.0,1.0,0.673,UNSTABLE
f37v,4,4,5.27,9.22,1.0,1.0,0.743,UNSTABLE
f37v,5,4,7.73,13.83,1.0,1.0,0.5354,UNSTABLE
f37v,6,4,4.34,5.36,1.0,1.0,0.8858,UNSTABLE
f37v,7,2,14.65,15.12,1.0,1.0,0.9813,STABLE (PASS)
f37v,8,4,6.54,12.3,1.0,1.0,0.719,UNSTABLE
f37v,9,5,3.93,5.4,1.0,1.0,0.8367,UNSTABLE
f37v,10,5,6.37,10.46,1.0,1.0,0.5654,UNSTABLE
f37v,11,4,8.24,15.12,1.0,1.0,0.727,UNSTABLE
f37v,12,4,8.21,16.8,1.0,1.0,0.4932,UNSTABLE
f37v,13,1,13.2,13.2,1.0,1.0,0.6,UNSTABLE
f37v,14,3,8.48,14.39,1.0,1.0,0.5536,UNSTABLE
f37v,15,4,5.2,9.22,1.0,1.0,0.7384,UNSTABLE
f37v,16,3,7.34,10.8,1.0,1.0,0.8078,UNSTABLE
f37v,17,3,13.35,23.24,1.0,1.0,0.7447,UNSTABLE
f37v,18,3,8.54,14.39,1.0,1.0,0.7561,UNSTABLE
f37v,19,4,6.97,15.81,1.0,1.0,0.6645,UNSTABLE
f37v,20,2,17.83,21.26,1.0,1.0,0.7032,UNSTABLE
f37v,21,4,6.65,10.72,1.0,1.0,0.7722,UNSTABLE
f37v,22,3,11.21,17.99,1.0,1.0,0.5739,UNSTABLE
f37v,23,3,8.15,14.39,1.0,1.0,0.7398,UNSTABLE
f38r,1,6,10.41,19.33,1.0,1.0,0.5231,UNSTABLE
f38r,2,5,8.67,12.96,1.0,1.0,0.6014,UNSTABLE
f38r,3,4,21.18,41.48,1.0,1.0,0.7064,UNSTABLE
f38r,4,8,7.3,17.97,1.0,1.0,0.4437,UNSTABLE
f38r,5,6,6.72,11.51,1.0,1.0,0.5503,UNSTABLE
f38r,6,6,8.45,13.16,1.0,1.0,0.7853,UNSTABLE
f38v,1,8,10.15,29.15,1.0,1.0,0.4089,UNSTABLE
f38v,2,8,5.77,14.35,1.0,1.0,0.4413,UNSTABLE
f38v,3,8,8.26,20.88,1.0,1.0,0.6374,UNSTABLE
f38v,4,7,9.63,17.94,1.0,1.0,0.7221,UNSTABLE
f38v,5,6,9.89,21.33,1.0,1.0,0.6782,UNSTABLE
f38v,6,7,5.68,11.08,1.0,1.0,0.7076,UNSTABLE
f38v,7,8,5.8,9.56,1.0,1.0,0.764,UNSTABLE
f38v,8,4,9.98,19.65,1.0,1.0,0.5047,UNSTABLE
f39r,1,11,8.34,21.54,1.0,1.0,0.4323,UNSTABLE
f39r,2,10,10.88,19.42,1.0,1.0,0.7361,UNSTABLE
f39r,3,10,9.98,25.89,1.0,1.0,0.6313,UNSTABLE
f39r,4,11,6.64,16.16,1.0,1.0,0.4465,UNSTABLE
f39r,5,3,9.55,16.19,1.0,1.0,0.3539,UNSTABLE
f39r,6,10,9.34,23.14,1.0,1.0,0.6422,UNSTABLE
f39r,7,12,6.93,21.7,1.0,1.0,0.5916,UNSTABLE
f39r,8,10,8.9,20.25,1.0,1.0,0.6637,UNSTABLE
f39r,9,5,11.29,22.67,1.0,1.0,0.6988,UNSTABLE
f39r,10,10,8.53,18.97,1.0,1.0,0.6698,UNSTABLE
f39r,11,12,6.95,20.02,1.0,1.0,0.6083,UNSTABLE
f39r,12,10,7.72,28.8,1.0,1.0,0.3608,UNSTABLE
f39r,13,10,6.39,21.92,1.0,1.0,0.5749,UNSTABLE
f39r,14,10,6.62,9.67,1.0,1.0,0.8108,UNSTABLE
f39r,15,10,7.33,15.12,1.0,1.0,0.6909,UNSTABLE
f39r,16,5,9.88,15.41,1.0,1.0,0.7847,UNSTABLE
f39v,1,12,5.76,10.38,1.0,1.0,0.5329,UNSTABLE
f39v,2,13,5.4,12.88,1.0,1.0,0.4516,UNSTABLE
f39v,3,9,11.58,37.8,1.0,1.0,0.5838,UNSTABLE
f39v,4,10,8.49,16.26,1.0,1.0,0.7133,UNSTABLE
f39v,5,13,5.08,17.27,1.0,1.0,0.5765,UNSTABLE
f39v,6,8,10.45,25.19,1.0,1.0,0.4489,UNSTABLE
f39v,7,7,10.55,25.12,1.0,1.0,0.652,UNSTABLE
f39v,8,10,7.54,17.75,1.0,1.0,0.6549,UNSTABLE
f39v,9,11,5.96,20.35,1.0,1.0,0.5757,UNSTABLE
f39v,10,10,5.22,11.71,1.0,1.0,0.6675,UNSTABLE
f39v,11,8,7.91,15.86,1.0,1.0,0.4992,UNSTABLE
f39v,12,7,9.87,16.15,1.0,1.0,0.5667,UNSTABLE
f39v,13,6,14.33,41.88,1.0,1.0,0.6053,UNSTABLE
f39v,14,3,13.41,17.99,1.0,1.0,0.8472,UNSTABLE
f40r,1,9,9.2,21.05,1.0,1.0,0.6622,UNSTABLE
f40r,2,8,15.81,43.85,1.0,1.0,0.6163,UNSTABLE
f40r,3,9,10.13,20.66,1.0,1.0,0.6942,UNSTABLE
f40r,4,9,10.42,19.44,1.0,1.0,0.7216,UNSTABLE
f40r,5,10,9.29,31.81,1.0,1.0,0.5752,UNSTABLE
f40r,6,10,5.49,15.05,1.0,1.0,0.6189,UNSTABLE
f40r,7,3,19.35,48.58,1.0,1.0,0.439,UNSTABLE
f40r,8,9,8.67,26.25,1.0,1.0,0.5982,UNSTABLE
f40r,9,8,10.13,19.43,1.0,1.0,0.7128,UNSTABLE
f40r,10,8,10.14,19.61,1.0,1.0,0.7102,UNSTABLE
f40r,11,4,6.35,10.72,1.0,1.0,0.5554,UNSTABLE
f40v,1,3,6.75,7.2,1.0,1.0,0.7625,UNSTABLE
f40v,2,4,10.79,19.36,1.0,1.0,0.7344,UNSTABLE
f40v,3,3,11.93,17.43,1.0,1.0,0.8107,UNSTABLE
f40v,4,3,12.01,17.43,1.0,1.0,0.8134,UNSTABLE
f40v,5,4,7.81,11.06,1.0,1.0,0.6237,UNSTABLE
f40v,6,4,7.84,19.44,1.0,1.0,0.642,UNSTABLE
f40v,7,4,10.44,30.42,1.0,1.0,0.6059,UNSTABLE
f40v,8,3,8.61,12.96,1.0,1.0,0.5986,UNSTABLE
f40v,9,4,6.77,13.2,1.0,1.0,0.5077,UNSTABLE
f40v,10,4,9.23,22.14,1.0,1.0,0.6501,UNSTABLE
f40v,11,5,7.59,13.44,1.0,1.0,0.7388,UNSTABLE
f40v,12,3,14.66,29.15,1.0,1.0,0.7017,UNSTABLE
f40v,13,6,12.39,44.79,1.0,1.0,0.566,UNSTABLE
f40v,14,9,8.75,22.19,1.0,1.0,0.6366,UNSTABLE
f40v,15,7,9.92,23.87,1.0,1.0,0.6494,UNSTABLE
f40v,16,9,7.41,13.09,1.0,1.0,0.7396,UNSTABLE
f40v,17,7,16.91,41.98,1.0,1.0,0.6417,UNSTABLE
f40v,18,7,11.38,20.46,1.0,1.0,0.7337,UNSTABLE
f40v,19,4,8.97,14.29,1.0,1.0,0.7766,UNSTABLE
f41r,1,6,20.59,28.53,1.0,1.0,0.633,UNSTABLE
f41r,2,9,12.12,31.7,1.0,1.0,0.6294,UNSTABLE
f41r,3,8,13.02,24.41,1.0,1.0,0.72,UNSTABLE
f41r,4,9,8.85,12.6,1.0,1.0,0.6214,UNSTABLE
f41r,5,7,10.21,17.94,1.0,1.0,0.5415,UNSTABLE
f41r,6,7,13.98,44.85,1.0,1.0,0.587,UNSTABLE
f41r,7,8,16.78,60.26,1.0,1.0,0.5671,UNSTABLE
f41r,8,8,12.22,29.9,1.0,1.0,0.6452,UNSTABLE
f41r,9,9,10.12,29.75,1.0,1.0,0.6041,UNSTABLE
f41r,10,7,12.88,22.6,1.0,1.0,0.7419,UNSTABLE
f41r,11,4,8.43,16.08,1.0,1.0,0.5146,UNSTABLE
f41v,1,1,14.4,14.4,1.0,1.0,0.8,UNSTABLE
f41v,2,8,13.58,23.26,1.0,1.0,0.7503,UNSTABLE
f41v,3,11,11.14,41.73,1.0,1.0,0.3602,UNSTABLE
f41v,4,9,16.59,27.0,1.0,1.0,0.7687,UNSTABLE
f41v,5,8,9.47,20.69,1.0,1.0,0.6746,UNSTABLE
f41v,6,9,9.26,26.42,1.0,1.0,0.6103,UNSTABLE
f41v,7,7,10.5,18.42,1.0,1.0,0.542,UNSTABLE
f41v,8,4,11.68,25.72,1.0,1.0,0.6725,UNSTABLE
f42r,1,5,14.78,30.82,1.0,1.0,0.4877,UNSTABLE
f42r,2,5,8.77,17.34,1.0,1.0,0.5035,UNSTABLE
f42r,3,5,7.29,10.46,1.0,1.0,0.6182,UNSTABLE
f42r,4,5,8.33,18.83,1.0,1.0,0.4654,UNSTABLE
f42r,5,5,7.75,10.8,1.0,1.0,0.8306,UNSTABLE
f42r,6,2,14.2,24.8,1.0,1.0,0.5435,UNSTABLE
f42r,7,6,6.59,8.4,1.0,1.0,0.6707,UNSTABLE
f42r,8,7,6.64,9.15,1.0,1.0,0.8354,UNSTABLE
f42r,9,5,13.21,23.76,1.0,1.0,0.5336,UNSTABLE
f42r,10,7,7.28,12.2,1.0,1.0,0.758,UNSTABLE
f42r,11,8,8.5,14.35,1.0,1.0,0.7554,UNSTABLE
f42r,12,7,7.59,11.08,1.0,1.0,0.811,UNSTABLE
f42r,13,8,7.17,12.46,1.0,1.0,0.7453,UNSTABLE
f42r,14,5,9.93,19.07,1.0,1.0,0.7124,UNSTABLE
f42r,15,3,11.63,17.99,1.0,1.0,0.3879,UNSTABLE
f42r,16,6,6.2,8.89,1.0,1.0,0.8184,UNSTABLE
f42r,17,5,8.72,13.2,1.0,1.0,0.7964,UNSTABLE
f42r,18,6,7.33,10.27,1.0,1.0,0.6282,UNSTABLE
f42r,19,5,15.58,48.59,1.0,1.0,0.5924,UNSTABLE
f42r,20,8,6.96,12.69,1.0,1.0,0.7291,UNSTABLE
f42r,21,7,6.83,10.23,1.0,1.0,0.8006,UNSTABLE
f42r,22,5,6.79,12.6,1.0,1.0,0.5233,UNSTABLE
f42r,23,2,22.51,23.76,1.0,1.0,0.7684,UNSTABLE
f42v,1,8,9.47,20.88,1.0,1.0,0.6721,UNSTABLE
f42v,2,9,7.67,17.61,1.0,1.0,0.6613,UNSTABLE
f42v,3,8,8.87,15.66,1.0,1.0,0.5398,UNSTABLE
f42v,4,5,15.02,34.19,1.0,1.0,0.4636,UNSTABLE
f42v,5,4,15.25,36.89,1.0,1.0,0.448,UNSTABLE
f42v,6,3,17.68,17.99,1.0,1.0,0.7897,UNSTABLE
f42v,7,3,17.3,34.19,1.0,1.0,0.3036,UNSTABLE
f42v,8,2,10.09,14.17,1.0,1.0,0.8272,UNSTABLE
f42v,9,7,11.62,35.52,1.0,1.0,0.5963,UNSTABLE
f42v,10,7,10.78,28.99,1.0,1.0,0.6231,UNSTABLE
f42v,11,7,11.53,25.58,1.0,1.0,0.6704,UNSTABLE
f42v,12,6,11.99,30.22,1.0,1.0,0.4381,UNSTABLE
f42v,13,7,9.59,25.58,1.0,1.0,0.6249,UNSTABLE
f42v,14,7,10.52,22.17,1.0,1.0,0.6847,UNSTABLE
f42v,15,3,8.87,12.96,1.0,1.0,0.6106,UNSTABLE
f42v,16,2,11.41,14.17,1.0,1.0,0.6831,UNSTABLE
f43r,1,11,6.08,12.11,1.0,1.0,0.7012,UNSTABLE
f43r,2,12,6.63,17.01,1.0,1.0,0.6339,UNSTABLE
f43r,3,14,4.53,11.41,1.0,1.0,0.4382,UNSTABLE
f43r,4,10,9.05,18.44,1.0,1.0,0.6945,UNSTABLE
f43r,5,11,9.87,18.69,1.0,1.0,0.5169,UNSTABLE
f43r,6,5,10.2,26.0,1.0,1.0,0.4354,UNSTABLE
f43r,7,11,9.64,16.96,1.0,1.0,0.541,UNSTABLE
f43r,8,12,6.39,19.36,1.0,1.0,0.398,UNSTABLE
f43r,9,5,9.03,16.13,1.0,1.0,0.5359,UNSTABLE
f43r,10,11,11.5,32.1,1.0,1.0,0.615,UNSTABLE
f43r,11,13,6.35,15.44,1.0,1.0,0.6468,UNSTABLE
f43r,12,12,11.39,31.45,1.0,1.0,0.6173,UNSTABLE
f43r,13,10,11.18,25.53,1.0,1.0,0.6627,UNSTABLE
f43r,14,6,12.14,21.38,1.0,1.0,0.5407,UNSTABLE
f43v,1,11,7.06,12.77,1.0,1.0,0.7317,UNSTABLE
f43v,2,11,8.49,18.32,1.0,1.0,0.6781,UNSTABLE
f43v,3,12,6.82,14.18,1.0,1.0,0.4886,UNSTABLE
f43v,4,9,10.13,25.92,1.0,1.0,0.6345,UNSTABLE
f43v,5,5,12.89,17.28,1.0,1.0,0.8476,UNSTABLE
f43v,6,9,11.88,32.05,1.0,1.0,0.6224,UNSTABLE
f43v,7,10,5.48,10.65,1.0,1.0,0.5087,UNSTABLE
f43v,8,9,7.42,14.4,1.0,1.0,0.7092,UNSTABLE
f43v,9,4,9.29,14.29,1.0,1.0,0.5901,UNSTABLE
f43v,10,9,6.87,10.9,1.0,1.0,0.7782,UNSTABLE
f43v,11,11,7.79,12.21,1.0,1.0,0.7828,UNSTABLE
f43v,12,11,6.39,19.39,1.0,1.0,0.3977,UNSTABLE
f43v,13,9,8.66,15.75,1.0,1.0,0.5299,UNSTABLE
f43v,14,8,9.57,17.65,1.0,1.0,0.5253,UNSTABLE
f43v,15,9,10.14,19.02,1.0,1.0,0.7199,UNSTABLE
f43v,16,7,7.09,12.28,1.0,1.0,0.7464,UNSTABLE
f44r,1,6,9.81,13.2,1.0,1.0,0.8459,UNSTABLE
f44r,2,7,10.24,19.38,1.0,1.0,0.517,UNSTABLE
f44r,3,6,8.87,14.8,1.0,1.0,0.7596,UNSTABLE
f44r,4,5,7.98,10.4,1.0,1.0,0.6604,UNSTABLE
f44r,5,8,8.73,17.65,1.0,1.0,0.6968,UNSTABLE
f44r,6,8,9.25,23.39,1.0,1.0,0.4373,UNSTABLE
f44r,7,6,12.04,19.33,1.0,1.0,0.7737,UNSTABLE
f44r,8,8,11.79,25.5,1.0,1.0,0.6774,UNSTABLE
f44r,9,6,14.55,19.33,1.0,1.0,0.8516,UNSTABLE
f44r,10,7,10.98,15.12,1.0,1.0,0.8357,UNSTABLE
f44r,11,3,18.61,32.39,1.0,1.0,0.3447,UNSTABLE
f44v,1,10,7.82,16.34,1.0,1.0,0.6871,UNSTABLE
f44v,2,9,9.11,23.31,1.0,1.0,0.6345,UNSTABLE
f44v,3,7,8.32,15.65,1.0,1.0,0.719,UNSTABLE
f44v,4,9,7.39,12.25,1.0,1.0,0.562,UNSTABLE
f44v,5,9,6.73,11.81,1.0,1.0,0.7419,UNSTABLE
f44v,6,8,8.05,13.92,1.0,1.0,0.547,UNSTABLE
f44v,7,5,13.23,32.4,1.0,1.0,0.445,UNSTABLE
f44v,8,6,10.73,27.96,1.0,1.0,0.6303,UNSTABLE
f44v,9,6,8.28,16.78,1.0,1.0,0.4961,UNSTABLE
f44v,10,6,7.91,15.84,1.0,1.0,0.6996,UNSTABLE
f44v,11,7,8.89,19.38,1.0,1.0,0.6752,UNSTABLE
f44v,12,6,7.16,10.74,1.0,1.0,0.6,UNSTABLE
f44v,13,3,7.95,14.39,1.0,1.0,0.7315,UNSTABLE
f45r,1,9,8.34,12.83,1.0,1.0,0.59,UNSTABLE
f45r,2,10,8.23,22.66,1.0,1.0,0.6179,UNSTABLE
f45r,3,9,7.8,19.44,1.0,1.0,0.6407,UNSTABLE
f45r,4,6,6.14,11.51,1.0,1.0,0.5201,UNSTABLE
f45r,5,8,9.23,17.21,1.0,1.0,0.7218,UNSTABLE
f45r,6,8,8.63,15.51,1.0,1.0,0.7338,UNSTABLE
f45r,7,5,6.32,10.4,1.0,1.0,0.5646,UNSTABLE
f45r,8,9,9.67,21.14,1.0,1.0,0.6745,UNSTABLE
f45r,9,9,6.5,20.66,1.0,1.0,0.3888,UNSTABLE
f45r,10,9,7.12,12.96,1.0,1.0,0.7296,UNSTABLE
f45r,11,5,12.52,19.07,1.0,1.0,0.7939,UNSTABLE
f45v,1,9,8.42,15.6,1.0,1.0,0.5238,UNSTABLE
f45v,2,9,10.64,29.52,1.0,1.0,0.6163,UNSTABLE
f45v,3,7,15.46,29.06,1.0,1.0,0.7192,UNSTABLE
f45v,4,6,9.02,15.84,1.0,1.0,0.5417,UNSTABLE
f45v,5,6,13.62,24.67,1.0,1.0,0.5313,UNSTABLE
f45v,6,6,11.59,21.47,1.0,1.0,0.7239,UNSTABLE
f45v,7,3,16.35,26.99,1.0,1.0,0.5635,UNSTABLE
f45v,8,6,7.91,18.09,1.0,1.0,0.4624,UNSTABLE
f45v,9,5,11.26,24.27,1.0,1.0,0.6784,UNSTABLE
f45v,10,4,12.63,30.37,1.0,1.0,0.4495,UNSTABLE
f45v,11,4,8.53,17.86,1.0,1.0,0.4866,UNSTABLE
f46r,1,13,8.31,15.39,1.0,1.0,0.724,UNSTABLE
f46r,2,12,8.66,18.85,1.0,1.0,0.6756,UNSTABLE
f46r,3,13,6.31,25.73,1.0,1.0,0.5471,UNSTABLE
f46r,4,10,10.17,22.66,1.0,1.0,0.6693,UNSTABLE
f46r,5,10,9.39,24.08,1.0,1.0,0.634,UNSTABLE
f46r,6,11,5.67,10.04,1.0,1.0,0.5388,UNSTABLE
f46r,7,13,8.0,22.54,1.0,1.0,0.613,UNSTABLE
f46r,8,11,6.38,9.58,1.0,1.0,0.5996,UNSTABLE
f46r,9,12,7.35,17.89,1.0,1.0,0.6465,UNSTABLE
f46r,10,9,8.36,16.2,1.0,1.0,0.7096,UNSTABLE
f46r,11,11,8.49,22.47,1.0,1.0,0.4267,UNSTABLE
f46r,12,12,5.94,12.71,1.0,1.0,0.6804,UNSTABLE
f46r,13,8,6.53,14.71,1.0,1.0,0.6663,UNSTABLE
f46r,14,8,11.15,15.6,1.0,1.0,0.8288,UNSTABLE
f46r,15,3,16.3,25.19,1.0,1.0,0.7882,UNSTABLE
f46v,1,10,9.81,21.68,1.0,1.0,0.6715,UNSTABLE
f46v,2,13,6.94,19.32,1.0,1.0,0.6155,UNSTABLE
f46v,3,13,9.81,26.9,1.0,1.0,0.6188,UNSTABLE
f46v,4,12,6.71,12.55,1.0,1.0,0.7208,UNSTABLE
f46v,5,11,8.56,17.25,1.0,1.0,0.6977,UNSTABLE
f46v,6,12,9.02,21.59,1.0,1.0,0.6507,UNSTABLE
f46v,7,5,7.2,13.7,1.0,1.0,0.5153,UNSTABLE
f46v,8,5,13.53,19.44,1.0,1.0,0.8176,UNSTABLE
f46v,9,5,5.65,8.56,1.0,1.0,0.796,UNSTABLE
f46v,10,7,7.98,19.18,1.0,1.0,0.6496,UNSTABLE
f46v,11,5,7.63,15.41,1.0,1.0,0.4971,UNSTABLE
f46v,12,5,7.46,10.8,1.0,1.0,0.6144,UNSTABLE
f46v,13,2,9.49,14.17,1.0,1.0,0.6018,UNSTABLE
f47r,1,6,7.34,15.6,1.0,1.0,0.6823,UNSTABLE
f47r,2,4,11.28,16.9,1.0,1.0,0.6005,UNSTABLE
f47r,3,8,6.48,14.95,1.0,1.0,0.6601,UNSTABLE
f47r,4,6,8.3,15.12,1.0,1.0,0.7294,UNSTABLE
f47r,5,3,10.03,17.99,1.0,1.0,0.5345,UNSTABLE
f47r,6,8,7.72,10.05,1.0,1.0,0.8609,UNSTABLE
f47r,7,8,7.19,16.61,1.0,1.0,0.4597,UNSTABLE
f47r,8,8,8.13,14.35,1.0,1.0,0.5399,UNSTABLE
f47r,9,6,15.95,50.33,1.0,1.0,0.5901,UNSTABLE
f47r,10,9,5.63,8.81,1.0,1.0,0.5834,UNSTABLE
f47r,11,4,7.85,16.08,1.0,1.0,0.6929,UNSTABLE
f47v,1,5,11.29,17.34,1.0,1.0,0.5907,UNSTABLE
f47v,2,6,10.18,21.38,1.0,1.0,0.2857,UNSTABLE
f47v,3,6,7.32,11.51,1.0,1.0,0.7816,UNSTABLE
f47v,4,6,11.96,32.56,1.0,1.0,0.4204,UNSTABLE
f47v,5,6,7.23,14.8,1.0,1.0,0.4931,UNSTABLE
f47v,6,4,10.7,28.58,1.0,1.0,0.6246,UNSTABLE
f47v,7,3,7.55,9.0,1.0,1.0,0.7033,UNSTABLE
f47v,8,4,7.85,12.3,1.0,1.0,0.7829,UNSTABLE
f47v,9,5,8.45,17.28,1.0,1.0,0.4934,UNSTABLE
f47v,10,6,11.53,16.8,1.0,1.0,0.6118,UNSTABLE
f47v,11,8,8.12,20.88,1.0,1.0,0.6333,UNSTABLE
f47v,12,6,10.17,24.88,1.0,1.0,0.6453,UNSTABLE
f47v,13,5,11.24,26.99,1.0,1.0,0.6499,UNSTABLE
f47v,14,2,12.14,19.49,1.0,1.0,0.5737,UNSTABLE
f48r,1,10,8.98,17.39,1.0,1.0,0.5098,UNSTABLE
f48r,2,10,9.47,19.42,1.0,1.0,0.6926,UNSTABLE
f48r,3,12,7.3,16.1,1.0,1.0,0.472,UNSTABLE
f48r,4,10,7.2,15.97,1.0,1.0,0.6705,UNSTABLE
f48r,5,11,10.2,25.68,1.0,1.0,0.4383,UNSTABLE
f48r,6,10,9.96,18.79,1.0,1.0,0.718,UNSTABLE
f48r,7,10,9.22,15.32,1.0,1.0,0.7611,UNSTABLE
f48r,8,6,8.09,10.74,1.0,1.0,0.852,UNSTABLE
f48r,9,4,12.3,28.94,1.0,1.0,0.655,UNSTABLE
f48v,1,12,5.95,14.4,1.0,1.0,0.4479,UNSTABLE
f48v,2,8,8.25,12.46,1.0,1.0,0.5973,UNSTABLE
f48v,3,10,6.95,12.59,1.0,1.0,0.5312,UNSTABLE
f48v,4,9,8.18,15.6,1.0,1.0,0.5146,UNSTABLE
f48v,5,9,8.4,20.54,1.0,1.0,0.6454,UNSTABLE
f48v,6,13,6.41,15.15,1.0,1.0,0.6539,UNSTABLE
f48v,7,8,8.67,12.75,1.0,1.0,0.608,UNSTABLE
f48v,8,9,8.3,21.6,1.0,1.0,0.4306,UNSTABLE
f48v,9,10,10.93,40.49,1.0,1.0,0.562,UNSTABLE
f48v,10,10,10.05,25.09,1.0,1.0,0.6403,UNSTABLE
f48v,11,6,11.36,19.07,1.0,1.0,0.5574,UNSTABLE
f49r,1,8,7.99,12.46,1.0,1.0,0.7848,UNSTABLE
f49r,2,8,8.86,22.67,1.0,1.0,0.6345,UNSTABLE
f49r,3,5,7.74,20.8,1.0,1.0,0.6233,UNSTABLE
f49r,4,4,12.76,16.59,1.0,1.0,0.6615,UNSTABLE
f49r,5,5,7.16,15.6,1.0,1.0,0.4754,UNSTABLE
f49r,6,3,11.93,18.0,1.0,1.0,0.5977,UNSTABLE
f49r,7,4,14.73,19.29,1.0,1.0,0.8582,UNSTABLE
f49r,8,4,9.52,19.29,1.0,1.0,0.4961,UNSTABLE
f49r,9,4,7.62,8.78,1.0,1.0,0.7207,UNSTABLE
f49r,10,5,5.54,13.87,1.0,1.0,0.4397,UNSTABLE
f49r,11,2,12.49,14.17,1.0,1.0,0.7289,UNSTABLE
f49r,12,5,6.74,10.4,1.0,1.0,0.7888,UNSTABLE
f49r,13,5,8.27,10.4,1.0,1.0,0.8771,UNSTABLE
f49r,14,6,5.49,10.27,1.0,1.0,0.7207,UNSTABLE
f49r,15,5,6.77,8.56,1.0,1.0,0.6745,UNSTABLE
f49r,16,4,12.35,25.72,1.0,1.0,0.2881,UNSTABLE
f49r,17,6,10.34,22.4,1.0,1.0,0.477,UNSTABLE
f49r,18,6,10.68,32.56,1.0,1.0,0.3968,UNSTABLE
f49r,19,6,9.04,14.32,1.0,1.0,0.5788,UNSTABLE
f49r,20,6,9.08,19.69,1.0,1.0,0.4767,UNSTABLE
f49r,21,4,7.91,12.5,1.0,1.0,0.7797,UNSTABLE
f49v,1,1,1.2,1.2,1.0,1.0,0.6,UNSTABLE
f49v,2,4,10.71,16.08,1.0,1.0,0.7996,UNSTABLE
f49v,3,1,1.2,1.2,1.0,1.0,0.6,UNSTABLE
f49v,4,4,11.18,19.36,1.0,1.0,0.5465,UNSTABLE
f49v,5,1,1.2,1.2,1.0,1.0,0.8,UNSTABLE
f49v,6,4,8.83,9.22,1.0,1.0,0.5746,UNSTABLE
f49v,7,1,1.2,1.2,1.0,1.0,0.6,UNSTABLE
f49v,8,3,11.86,17.28,1.0,1.0,0.6118,UNSTABLE
f49v,9,1,1.2,1.2,1.0,1.0,0.6,UNSTABLE
f49v,10,3,11.31,22.67,1.0,1.0,0.6993,UNSTABLE
f49v,11,1,6.0,6.0,1.0,1.0,0.6,UNSTABLE
f49v,12,3,14.68,23.76,1.0,1.0,0.3707,UNSTABLE
f49v,13,1,1.2,1.2,1.0,1.0,0.6,UNSTABLE
f49v,14,3,6.75,8.4,1.0,1.0,0.6821,UNSTABLE
f49v,15,1,1.2,1.2,1.0,1.0,0.8,UNSTABLE
f49v,16,3,12.59,16.19,1.0,1.0,0.8666,UNSTABLE
f49v,17,1,1.2,1.2,1.0,1.0,0.6,UNSTABLE
f49v,18,3,9.03,14.39,1.0,1.0,0.5765,UNSTABLE
f49v,19,1,1.2,1.2,1.0,1.0,0.6,UNSTABLE
f49v,20,2,12.76,17.72,1.0,1.0,0.6321,UNSTABLE
f49v,21,1,6.0,6.0,1.0,1.0,0.6,UNSTABLE
f49v,22,4,6.75,8.93,1.0,1.0,0.8535,UNSTABLE
f49v,23,1,1.2,1.2,1.0,1.0,0.6,UNSTABLE
f49v,24,5,7.07,10.4,1.0,1.0,0.8079,UNSTABLE
f49v,25,1,1.2,1.2,1.0,1.0,0.6,UNSTABLE
f49v,26,5,14.37,34.56,1.0,1.0,0.6495,UNSTABLE
f49v,27,1,6.0,6.0,1.0,1.0,0.6,UNSTABLE
f49v,28,5,12.67,26.0,1.0,1.0,0.6924,UNSTABLE
f49v,29,1,6.0,6.0,1.0,1.0,0.6,UNSTABLE
f49v,30,6,10.41,26.31,1.0,1.0,0.4374,UNSTABLE
f49v,31,1,1.2,1.2,1.0,1.0,0.6,UNSTABLE
f49v,32,5,14.33,26.99,1.0,1.0,0.5186,UNSTABLE
f49v,33,1,1.2,1.2,1.0,1.0,0.6,UNSTABLE
f49v,34,4,8.09,14.29,1.0,1.0,0.5397,UNSTABLE
f49v,35,1,6.0,6.0,1.0,1.0,0.6,UNSTABLE
f49v,36,5,15.91,31.21,1.0,1.0,0.5059,UNSTABLE
f49v,37,1,1.2,1.2,1.0,1.0,0.6,UNSTABLE
f49v,38,7,10.12,21.97,1.0,1.0,0.6764,UNSTABLE
f49v,39,1,1.2,1.2,1.0,1.0,0.6,UNSTABLE
f49v,40,6,8.67,27.96,1.0,1.0,0.5861,UNSTABLE
f49v,41,1,6.0,6.0,1.0,1.0,0.6,UNSTABLE
f49v,42,7,10.61,17.28,1.0,1.0,0.7684,UNSTABLE
f49v,43,1,1.2,1.2,1.0,1.0,0.6,UNSTABLE
f49v,44,8,6.37,19.13,1.0,1.0,0.5998,UNSTABLE
f49v,45,1,1.2,1.2,1.0,1.0,0.6,UNSTABLE
f49v,46,8,7.86,19.13,1.0,1.0,0.4465,UNSTABLE
f49v,47,1,1.2,1.2,1.0,1.0,0.6,UNSTABLE
f49v,48,5,14.44,32.94,1.0,1.0,0.463,UNSTABLE
f49v,49,1,1.2,1.2,1.0,1.0,0.6,UNSTABLE
f49v,50,5,12.74,34.67,1.0,1.0,0.4205,UNSTABLE
f49v,51,1,1.2,1.2,1.0,1.0,0.6,UNSTABLE
f49v,52,4,8.55,14.29,1.0,1.0,0.759,UNSTABLE
f50r,1,8,12.82,47.57,1.0,1.0,0.3617,UNSTABLE
f50r,2,12,6.44,12.66,1.0,1.0,0.7052,UNSTABLE
f50r,3,10,8.69,19.42,1.0,1.0,0.6685,UNSTABLE
f50r,4,10,8.69,22.66,1.0,1.0,0.6301,UNSTABLE
f50r,5,11,10.1,21.8,1.0,1.0,0.678,UNSTABLE
f50r,6,9,10.38,18.54,1.0,1.0,0.7359,UNSTABLE
f50r,7,10,7.43,16.34,1.0,1.0,0.6728,UNSTABLE
f50r,8,8,7.14,10.05,1.0,1.0,0.6263,UNSTABLE
f50r,9,5,16.61,31.21,1.0,1.0,0.7193,UNSTABLE
f50r,10,3,15.14,28.8,1.0,1.0,0.5154,UNSTABLE
f50v,1,9,10.2,22.68,1.0,1.0,0.6698,UNSTABLE
f50v,2,10,9.28,19.42,1.0,1.0,0.6867,UNSTABLE
f50v,3,9,11.18,17.71,1.0,1.0,0.7788,UNSTABLE
f50v,4,11,8.31,18.32,1.0,1.0,0.4722,UNSTABLE
f50v,5,9,9.37,22.68,1.0,1.0,0.4479,UNSTABLE
f50v,6,10,11.24,19.42,1.0,1.0,0.7473,UNSTABLE
f50v,7,10,8.36,18.97,1.0,1.0,0.6644,UNSTABLE
f50v,8,10,10.59,23.21,1.0,1.0,0.6738,UNSTABLE
f50v,9,7,9.64,18.42,1.0,1.0,0.714,UNSTABLE
f50v,10,5,15.96,34.19,1.0,1.0,0.6801,UNSTABLE
f50v,11,4,8.42,14.29,1.0,1.0,0.5535,UNSTABLE
f51r,1,4,12.39,16.59,1.0,1.0,0.6481,UNSTABLE
f51r,2,4,9.06,10.75,1.0,1.0,0.7057,UNSTABLE
f51r,3,5,11.02,21.6,1.0,1.0,0.7061,UNSTABLE
f51r,4,6,9.58,14.67,1.0,1.0,0.7918,UNSTABLE
f51r,5,5,13.93,22.67,1.0,1.0,0.5687,UNSTABLE
f51r,6,4,7.47,8.93,1.0,1.0,0.9019,UNSTABLE
f51r,7,5,12.09,19.44,1.0,1.0,0.7731,UNSTABLE
f51r,8,6,11.77,23.5,1.0,1.0,0.7005,UNSTABLE
f51r,9,7,8.63,16.47,1.0,1.0,0.7144,UNSTABLE
f51r,10,7,9.99,19.18,1.0,1.0,0.7125,UNSTABLE
f51r,11,5,15.14,22.4,1.0,1.0,0.8055,UNSTABLE
f51r,12,7,11.23,21.49,1.0,1.0,0.5135,UNSTABLE
f51r,13,6,9.86,16.78,1.0,1.0,0.5526,UNSTABLE
f51r,14,5,16.83,44.52,1.0,1.0,0.4268,UNSTABLE
f51r,15,6,8.24,23.03,1.0,1.0,0.6147,UNSTABLE
f51v,1,5,20.03,48.59,1.0,1.0,0.6473,UNSTABLE
f51v,2,7,9.58,19.73,1.0,1.0,0.6913,UNSTABLE
f51v,3,7,10.2,26.91,1.0,1.0,0.6274,UNSTABLE
f51v,4,6,11.44,16.0,1.0,1.0,0.629,UNSTABLE
f51v,5,8,11.99,42.11,1.0,1.0,0.5708,UNSTABLE
f51v,6,6,23.04,63.99,1.0,1.0,0.616,UNSTABLE
f51v,7,7,12.78,26.78,1.0,1.0,0.6863,UNSTABLE
f51v,8,5,15.73,27.74,1.0,1.0,0.7402,UNSTABLE
f51v,9,4,6.89,12.5,1.0,1.0,0.7307,UNSTABLE
f51v,10,4,12.73,31.62,1.0,1.0,0.6416,UNSTABLE
f51v,11,4,8.0,8.78,1.0,1.0,0.5467,UNSTABLE
f51v,12,3,9.94,16.19,1.0,1.0,0.7684,UNSTABLE
f51v,13,3,10.29,19.79,1.0,1.0,0.712,UNSTABLE
f52r,1,9,10.93,32.4,1.0,1.0,0.6024,UNSTABLE
f52r,2,7,10.22,21.36,1.0,1.0,0.6871,UNSTABLE
f52r,3,6,16.96,35.52,1.0,1.0,0.4865,UNSTABLE
f52r,4,7,10.9,21.36,1.0,1.0,0.7062,UNSTABLE
f52r,5,7,11.14,22.88,1.0,1.0,0.4921,UNSTABLE
f52r,6,7,11.29,28.99,1.0,1.0,0.6337,UNSTABLE
f52r,7,8,16.4,34.56,1.0,1.0,0.6847,UNSTABLE
f52r,8,8,7.44,14.35,1.0,1.0,0.7111,UNSTABLE
f52v,1,6,10.33,19.74,1.0,1.0,0.514,UNSTABLE
f52v,2,8,6.65,16.34,1.0,1.0,0.4442,UNSTABLE
f52v,3,7,7.55,10.14,1.0,1.0,0.6467,UNSTABLE
f52v,4,7,8.2,13.64,1.0,1.0,0.5607,UNSTABLE
f52v,5,4,14.79,23.04,1.0,1.0,0.5852,UNSTABLE
f52v,6,4,11.16,19.44,1.0,1.0,0.5444,UNSTABLE
f52v,7,4,6.23,10.8,1.0,1.0,0.7461,UNSTABLE
f52v,8,5,6.79,18.49,1.0,1.0,0.6203,UNSTABLE
f52v,9,5,11.11,32.39,1.0,1.0,0.6058,UNSTABLE
f52v,10,5,9.49,16.13,1.0,1.0,0.753,UNSTABLE
f52v,11,5,8.35,21.57,1.0,1.0,0.6323,UNSTABLE
f52v,12,4,10.02,12.96,1.0,1.0,0.6639,UNSTABLE
f52v,13,4,12.55,19.36,1.0,1.0,0.5889,UNSTABLE
f52v,14,3,8.88,16.19,1.0,1.0,0.5291,UNSTABLE
f53r,1,2,15.86,26.4,1.0,1.0,0.3605,UNSTABLE
f53r,2,4,6.96,15.81,1.0,1.0,0.4641,UNSTABLE
f53r,3,3,10.63,16.8,1.0,1.0,0.5796,UNSTABLE
f53r,4,4,7.07,10.54,1.0,1.0,0.6025,UNSTABLE
f53r,5,8,13.83,46.98,1.0,1.0,0.5766,UNSTABLE
f53r,6,8,10.72,43.85,1.0,1.0,0.5467,UNSTABLE
f53r,7,8,13.67,40.17,1.0,1.0,0.6042,UNSTABLE
f53r,8,8,10.08,24.36,1.0,1.0,0.4483,UNSTABLE
f53r,9,7,8.42,19.22,1.0,1.0,0.6629,UNSTABLE
f53v,1,6,13.15,18.49,1.0,1.0,0.8267,UNSTABLE
f53v,2,8,7.22,11.44,1.0,1.0,0.7787,UNSTABLE
f53v,3,7,7.51,13.04,1.0,1.0,0.5456,UNSTABLE
f53v,4,5,14.79,25.92,1.0,1.0,0.7424,UNSTABLE
f53v,5,6,8.02,12.44,1.0,1.0,0.7868,UNSTABLE
f53v,6,5,9.85,14.4,1.0,1.0,0.6104,UNSTABLE
f53v,7,6,10.89,27.19,1.0,1.0,0.4403,UNSTABLE
f53v,8,6,9.68,14.22,1.0,1.0,0.4084,UNSTABLE
f53v,9,6,9.71,15.11,1.0,1.0,0.5856,UNSTABLE
f53v,10,3,10.44,14.53,1.0,1.0,0.6311,UNSTABLE
f53v,11,5,7.44,12.14,1.0,1.0,0.5677,UNSTABLE
f53v,12,4,10.62,19.65,1.0,1.0,0.5243,UNSTABLE
f53v,13,2,10.97,15.94,1.0,1.0,0.8129,UNSTABLE
f54r,1,5,17.29,37.79,1.0,1.0,0.4745,UNSTABLE
f54r,2,5,18.8,64.79,1.0,1.0,0.3741,UNSTABLE
f54r,3,9,8.0,19.25,1.0,1.0,0.4494,UNSTABLE
f54r,4,5,16.79,46.81,1.0,1.0,0.4152,UNSTABLE
f54r,5,4,12.01,25.3,1.0,1.0,0.4848,UNSTABLE
f54r,6,8,10.18,20.88,1.0,1.0,0.4925,UNSTABLE
f54r,7,11,6.63,16.99,1.0,1.0,0.4341,UNSTABLE
f54r,8,8,8.92,19.13,1.0,1.0,0.4798,UNSTABLE
f54r,9,10,6.24,16.18,1.0,1.0,0.6314,UNSTABLE
f54r,10,10,8.13,28.01,1.0,1.0,0.3742,UNSTABLE
f54r,11,11,5.63,13.57,1.0,1.0,0.6489,UNSTABLE
f54r,12,7,7.63,28.98,1.0,1.0,0.358,UNSTABLE
f54v,1,9,10.89,21.6,1.0,1.0,0.7025,UNSTABLE
f54v,2,8,7.73,21.93,1.0,1.0,0.6115,UNSTABLE
f54v,3,7,8.53,12.2,1.0,1.0,0.6195,UNSTABLE
f54v,4,6,9.76,19.33,1.0,1.0,0.7029,UNSTABLE
f54v,5,7,7.76,17.85,1.0,1.0,0.6608,UNSTABLE
f54v,6,5,12.96,22.67,1.0,1.0,0.543,UNSTABLE
f54v,7,6,9.85,24.17,1.0,1.0,0.6445,UNSTABLE
f54v,8,5,11.64,18.82,1.0,1.0,0.7711,UNSTABLE
f54v,9,5,13.37,21.84,1.0,1.0,0.5673,UNSTABLE
f54v,10,6,9.79,17.76,1.0,1.0,0.7307,UNSTABLE
f54v,11,3,12.21,17.43,1.0,1.0,0.8203,UNSTABLE
f54v,12,4,5.08,8.78,1.0,1.0,0.5472,UNSTABLE
f54v,13,3,9.87,11.62,1.0,1.0,0.7096,UNSTABLE
f54v,14,4,6.37,8.93,1.0,1.0,0.628,UNSTABLE
f54v,15,5,6.96,13.87,1.0,1.0,0.5011,UNSTABLE
f54v,16,3,9.15,17.99,1.0,1.0,0.7052,UNSTABLE
f55r,1,9,10.15,20.66,1.0,1.0,0.6948,UNSTABLE
f55r,2,12,6.05,15.42,1.0,1.0,0.6354,UNSTABLE
f55r,3,11,8.09,16.68,1.0,1.0,0.691,UNSTABLE
f55r,4,10,5.56,15.05,1.0,1.0,0.6217,UNSTABLE
f55r,5,10,8.7,23.34,1.0,1.0,0.4237,UNSTABLE
f55r,6,6,8.62,13.43,1.0,1.0,0.5851,UNSTABLE
f55r,7,7,13.65,22.6,1.0,1.0,0.7624,UNSTABLE
f55r,8,8,9.77,19.93,1.0,1.0,0.6941,UNSTABLE
f55r,9,11,5.88,12.84,1.0,1.0,0.6748,UNSTABLE
f55r,10,11,7.4,19.75,1.0,1.0,0.6248,UNSTABLE
f55r,11,9,9.54,25.36,1.0,1.0,0.6257,UNSTABLE
f55r,12,10,8.1,19.17,1.0,1.0,0.6535,UNSTABLE
f55r,13,6,8.52,18.09,1.0,1.0,0.6826,UNSTABLE
f55v,1,4,11.24,15.81,1.0,1.0,0.6266,UNSTABLE
f55v,2,5,19.92,48.59,1.0,1.0,0.446,UNSTABLE
f55v,3,7,9.5,20.63,1.0,1.0,0.6763,UNSTABLE
f55v,4,6,12.8,19.2,1.0,1.0,0.8,UNSTABLE
f55v,5,7,7.49,15.12,1.0,1.0,0.6972,UNSTABLE
f55v,6,5,8.1,15.6,1.0,1.0,0.7115,UNSTABLE
f55v,7,9,10.1,21.6,1.0,1.0,0.6806,UNSTABLE
f55v,8,7,19.34,67.81,1.0,1.0,0.5711,UNSTABLE
f55v,9,8,10.1,18.79,1.0,1.0,0.7225,UNSTABLE
f55v,10,10,9.02,38.33,1.0,1.0,0.5412,UNSTABLE
f55v,11,8,8.12,12.96,1.0,1.0,0.5759,UNSTABLE
f55v,12,8,7.95,14.1,1.0,1.0,0.7383,UNSTABLE
f56r,1,8,9.42,15.8,1.0,1.0,0.5577,UNSTABLE
f56r,2,7,9.36,11.59,1.0,1.0,0.6846,UNSTABLE
f56r,3,7,10.42,19.38,1.0,1.0,0.7226,UNSTABLE
f56r,4,5,12.23,28.79,1.0,1.0,0.4549,UNSTABLE
f56r,5,4,6.39,12.3,1.0,1.0,0.7117,UNSTABLE
f56r,6,6,5.9,10.8,1.0,1.0,0.7278,UNSTABLE
f56r,7,5,6.08,9.0,1.0,1.0,0.6053,UNSTABLE
f56r,8,4,11.04,23.22,1.0,1.0,0.4853,UNSTABLE
f56r,9,4,12.63,25.01,1.0,1.0,0.703,UNSTABLE
f56r,10,7,6.96,16.47,1.0,1.0,0.6536,UNSTABLE
f56r,11,5,7.34,12.0,1.0,1.0,0.767,UNSTABLE
f56r,12,4,10.38,25.72,1.0,1.0,0.4421,UNSTABLE
f56r,13,3,10.9,12.91,1.0,1.0,0.7066,UNSTABLE
f56r,14,3,12.11,19.43,1.0,1.0,0.574,UNSTABLE
f56r,15,3,8.55,12.0,1.0,1.0,0.6275,UNSTABLE
f56r,16,5,11.05,17.34,1.0,1.0,0.5824,UNSTABLE
f56r,17,5,9.47,21.51,1.0,1.0,0.6642,UNSTABLE
f56r,18,3,14.56,28.79,1.0,1.0,0.5034,UNSTABLE
f56r,19,3,9.35,14.39,1.0,1.0,0.7899,UNSTABLE
f56v,1,6,13.13,23.11,1.0,1.0,0.7409,UNSTABLE
f56v,2,6,15.66,34.33,1.0,1.0,0.6737,UNSTABLE
f56v,3,6,10.89,22.55,1.0,1.0,0.6898,UNSTABLE
f56v,4,5,7.14,9.0,1.0,1.0,0.876,UNSTABLE
f56v,5,4,8.91,15.12,1.0,1.0,0.5536,UNSTABLE
f56v,6,3,9.07,14.39,1.0,1.0,0.5782,UNSTABLE
f56v,7,5,9.92,13.2,1.0,1.0,0.8509,UNSTABLE
f56v,8,5,9.71,18.49,1.0,1.0,0.7151,UNSTABLE
f56v,9,4,9.7,10.75,1.0,1.0,0.7414,UNSTABLE
f56v,10,5,9.16,19.07,1.0,1.0,0.4882,UNSTABLE
f56v,11,5,7.62,9.6,1.0,1.0,0.6763,UNSTABLE
f56v,12,4,10.51,15.12,1.0,1.0,0.8171,UNSTABLE
f56v,13,5,6.88,14.4,1.0,1.0,0.6867,UNSTABLE
f56v,14,5,7.86,10.8,1.0,1.0,0.6367,UNSTABLE
f56v,15,5,6.29,7.2,1.0,1.0,0.9242,UNSTABLE
f56v,16,4,9.57,14.29,1.0,1.0,0.8018,UNSTABLE
f57r,1,9,9.3,15.6,1.0,1.0,0.5577,UNSTABLE
f57r,2,10,8.2,15.65,1.0,1.0,0.5144,UNSTABLE
f57r,3,8,13.78,20.59,1.0,1.0,0.6016,UNSTABLE
f57r,4,8,15.66,41.23,1.0,1.0,0.4279,UNSTABLE
f57r,5,3,15.86,23.76,1.0,1.0,0.8005,UNSTABLE
f57r,6,9,10.09,18.9,1.0,1.0,0.5203,UNSTABLE
f57r,7,7,13.32,26.63,1.0,1.0,0.7001,UNSTABLE
f57r,8,7,10.44,30.18,1.0,1.0,0.6076,UNSTABLE
f57r,9,8,10.71,39.59,1.0,1.0,0.5623,UNSTABLE
f57r,10,6,13.64,30.21,1.0,1.0,0.4709,UNSTABLE
f57r,11,3,11.5,17.99,1.0,1.0,0.5835,UNSTABLE
f57v,1,1,16.8,16.8,1.0,1.0,0.8,UNSTABLE
f57v,2,47,5.14,17.87,1.0,1.0,0.5726,UNSTABLE
f57v,3,68,2.63,10.8,1.0,1.0,0.3461,UNSTABLE
f57v,4,31,5.08,19.31,1.0,1.0,0.5578,UNSTABLE
f57v,5,34,3.84,11.02,1.0,1.0,0.4091,UNSTABLE
f57v,6,1,14.4,14.4,1.0,1.0,0.6,UNSTABLE
f57v,7,1,12.0,12.0,1.0,1.0,0.6,UNSTABLE
f57v,8,1,9.6,9.6,1.0,1.0,0.8,UNSTABLE
f57v,9,1,9.6,9.6,1.0,1.0,0.6,UNSTABLE
f57v,10,1,13.2,13.2,1.0,1.0,0.8,UNSTABLE
f57v,11,1,9.6,9.6,1.0,1.0,1.0,STABLE (PASS)
f57v,12,1,12.96,12.96,1.0,1.0,0.6,UNSTABLE
f57v,13,1,14.4,14.4,1.0,1.0,0.8,UNSTABLE
f58r,1,7,11.42,15.6,1.0,1.0,0.8392,UNSTABLE
f58r,2,9,7.03,12.25,1.0,1.0,0.5443,UNSTABLE
f58r,3,8,7.79,11.49,1.0,1.0,0.6068,UNSTABLE
f58r,4,8,9.91,17.97,1.0,1.0,0.7309,UNSTABLE
f58r,5,11,6.49,12.71,1.0,1.0,0.7064,UNSTABLE
f58r,6,8,8.02,12.33,1.0,1.0,0.5903,UNSTABLE
f58r,7,10,7.42,14.38,1.0,1.0,0.7096,UNSTABLE
f58r,8,8,9.8,17.53,1.0,1.0,0.5354,UNSTABLE
f58r,9,9,7.05,12.6,1.0,1.0,0.7357,UNSTABLE
f58r,10,11,7.84,16.99,1.0,1.0,0.6769,UNSTABLE
f58r,11,7,14.31,31.96,1.0,1.0,0.6686,UNSTABLE
f58r,12,8,10.54,18.79,1.0,1.0,0.5366,UNSTABLE
f58r,13,10,6.99,11.25,1.0,1.0,0.5728,UNSTABLE
f58r,14,9,9.49,17.71,1.0,1.0,0.7215,UNSTABLE
f58r,15,10,8.67,19.52,1.0,1.0,0.6665,UNSTABLE
f58r,16,9,10.51,25.92,1.0,1.0,0.6433,UNSTABLE
f58r,17,10,8.67,15.32,1.0,1.0,0.7396,UNSTABLE
f58r,18,10,7.08,12.85,1.0,1.0,0.7306,UNSTABLE
f58r,19,10,10.96,22.66,1.0,1.0,0.6902,UNSTABLE
f58r,20,9,9.09,13.53,1.0,1.0,0.8031,UNSTABLE
f58r,21,10,7.72,22.66,1.0,1.0,0.6044,UNSTABLE
f58r,22,10,8.98,19.42,1.0,1.0,0.4774,UNSTABLE
f58r,23,9,10.47,28.53,1.0,1.0,0.6202,UNSTABLE
f58r,24,8,8.95,14.71,1.0,1.0,0.7651,UNSTABLE
f58r,25,6,10.24,18.09,1.0,1.0,0.5396,UNSTABLE
f58r,26,7,9.09,13.23,1.0,1.0,0.6122,UNSTABLE
f58r,27,8,10.14,20.88,1.0,1.0,0.6914,UNSTABLE
f58r,28,8,10.24,17.44,1.0,1.0,0.5523,UNSTABLE
f58r,29,9,9.8,22.9,1.0,1.0,0.4568,UNSTABLE
f58r,30,10,8.65,21.92,1.0,1.0,0.6368,UNSTABLE
f58r,31,8,11.69,21.14,1.0,1.0,0.7318,UNSTABLE
f58r,32,8,11.41,18.09,1.0,1.0,0.7784,UNSTABLE
f58r,33,8,11.91,20.59,1.0,1.0,0.7471,UNSTABLE
f58r,34,7,11.16,19.38,1.0,1.0,0.7455,UNSTABLE
f58r,35,8,9.86,14.71,1.0,1.0,0.8022,UNSTABLE
f58r,36,7,10.0,12.78,1.0,1.0,0.8695,UNSTABLE
f58r,37,6,12.97,24.67,1.0,1.0,0.5154,UNSTABLE
f58r,38,9,8.43,15.7,1.0,1.0,0.7222,UNSTABLE
f58r,39,8,12.85,26.47,1.0,1.0,0.6913,UNSTABLE
f58r,40,8,9.46,14.4,1.0,1.0,0.7942,UNSTABLE
f58r,41,5,14.91,49.93,1.0,1.0,0.5792,UNSTABLE
f58v,1,9,7.2,12.6,1.0,1.0,0.5429,UNSTABLE
f58v,2,12,7.77,25.76,1.0,1.0,0.581,UNSTABLE
f58v,3,9,16.13,50.18,1.0,1.0,0.5929,UNSTABLE
f58v,4,9,13.37,22.68,1.0,1.0,0.7537,UNSTABLE
f58v,5,9,13.19,22.68,1.0,1.0,0.7489,UNSTABLE
f58v,6,12,6.73,13.78,1.0,1.0,0.693,UNSTABLE
f58v,7,10,8.73,22.36,1.0,1.0,0.6343,UNSTABLE
f58v,8,10,7.13,18.79,1.0,1.0,0.6277,UNSTABLE
f58v,9,8,14.58,28.19,1.0,1.0,0.7103,UNSTABLE
f58v,10,10,11.79,22.66,1.0,1.0,0.7122,UNSTABLE
f58v,11,9,8.59,17.71,1.0,1.0,0.691,UNSTABLE
f58v,12,10,8.5,15.65,1.0,1.0,0.7259,UNSTABLE
f58v,13,9,8.74,17.45,1.0,1.0,0.5005,UNSTABLE
f58v,14,11,7.41,15.26,1.0,1.0,0.6913,UNSTABLE
f58v,15,11,8.01,17.28,1.0,1.0,0.6781,UNSTABLE
f58v,16,8,11.99,15.86,1.0,1.0,0.8536,UNSTABLE
f58v,17,10,10.19,28.18,1.0,1.0,0.617,UNSTABLE
f58v,18,10,8.9,18.79,1.0,1.0,0.6842,UNSTABLE
f58v,19,9,10.54,15.75,1.0,1.0,0.8015,UNSTABLE
f58v,20,10,7.81,18.79,1.0,1.0,0.6494,UNSTABLE
f58v,21,9,8.72,15.85,1.0,1.0,0.7301,UNSTABLE
f58v,22,3,12.17,19.79,1.0,1.0,0.569,UNSTABLE
f58v,23,8,11.71,20.08,1.0,1.0,0.7499,UNSTABLE
f58v,24,9,13.94,32.4,1.0,1.0,0.6581,UNSTABLE
f58v,25,8,16.77,37.3,1.0,1.0,0.6698,UNSTABLE
f58v,26,10,10.9,21.27,1.0,1.0,0.7075,UNSTABLE
f58v,27,10,10.95,33.11,1.0,1.0,0.5984,UNSTABLE
f58v,28,7,12.71,19.38,1.0,1.0,0.5935,UNSTABLE
f58v,29,8,10.45,16.34,1.0,1.0,0.5837,UNSTABLE
f58v,30,9,11.15,19.02,1.0,1.0,0.7517,UNSTABLE
f58v,31,10,9.33,19.42,1.0,1.0,0.6883,UNSTABLE
f58v,32,9,8.8,15.75,1.0,1.0,0.7352,UNSTABLE
f58v,33,3,15.16,21.6,1.0,1.0,0.6211,UNSTABLE
f58v,34,8,12.39,23.53,1.0,1.0,0.7159,UNSTABLE
f58v,35,10,9.19,22.36,1.0,1.0,0.6466,UNSTABLE
f58v,36,7,16.81,35.52,1.0,1.0,0.684,UNSTABLE
f58v,37,9,7.8,10.27,1.0,1.0,0.8557,UNSTABLE
f58v,38,9,10.31,16.2,1.0,1.0,0.7819,UNSTABLE
f58v,39,6,11.98,15.84,1.0,1.0,0.8538,UNSTABLE
f65r,1,2,8.94,10.8,1.0,1.0,0.6967,UNSTABLE
f65v,1,7,9.33,12.92,1.0,1.0,0.6333,UNSTABLE
f65v,2,7,13.85,25.57,1.0,1.0,0.725,UNSTABLE
f65v,3,5,10.9,19.8,1.0,1.0,0.5303,UNSTABLE
f65v,4,6,14.28,31.99,1.0,1.0,0.6678,UNSTABLE
f65v,5,6,17.1,39.27,1.0,1.0,0.6613,UNSTABLE
f65v,6,5,10.96,19.69,1.0,1.0,0.534,UNSTABLE
f66r,1,1,4.8,4.8,1.0,1.0,0.6,UNSTABLE
f66r,2,1,9.6,9.6,1.0,1.0,0.8,UNSTABLE
f66r,3,1,15.12,15.12,1.0,1.0,0.6,UNSTABLE
f66r,4,1,4.8,4.8,1.0,1.0,0.6,UNSTABLE
f66r,5,1,6.0,6.0,1.0,1.0,0.8,UNSTABLE
f66r,6,1,4.8,4.8,1.0,1.0,0.6,UNSTABLE
f66r,7,1,4.8,4.8,1.0,1.0,0.6,UNSTABLE
f66r,8,1,4.8,4.8,1.0,1.0,0.6,UNSTABLE
f66r,9,1,12.96,12.96,1.0,1.0,0.6,UNSTABLE
f66r,10,1,6.0,6.0,1.0,1.0,0.8,UNSTABLE
f66r,11,1,4.8,4.8,1.0,1.0,0.6,UNSTABLE
f66r,12,1,3.0,3.0,1.0,1.0,1.0,STABLE (PASS)
f66r,13,1,10.8,10.8,1.0,1.0,1.0,STABLE (PASS)
f66r,14,1,10.8,10.8,1.0,1.0,0.6,UNSTABLE
f66r,15,1,6.0,6.0,1.0,1.0,0.8,UNSTABLE
f66r,16,1,1.2,1.2,1.0,1.0,0.6,UNSTABLE
f66r,17,1,1.2,1.2,1.0,1.0,0.6,UNSTABLE
f66r,18,1,1.2,1.2,1.0,1.0,0.8,UNSTABLE
f66r,19,1,2.4,2.4,1.0,1.0,0.6,UNSTABLE
f66r,20,1,1.2,1.2,1.0,1.0,0.6,UNSTABLE
f66r,21,1,1.2,1.2,1.0,1.0,0.6,UNSTABLE
f66r,22,1,1.2,1.2,1.0,1.0,0.6,UNSTABLE
f66r,23,1,1.2,1.2,1.0,1.0,0.6,UNSTABLE
f66r,24,1,6.0,6.0,1.0,1.0,0.6,UNSTABLE
f66r,25,1,1.2,1.2,1.0,1.0,0.6,UNSTABLE
f66r,26,1,3.6,3.6,1.0,1.0,0.8,UNSTABLE
f66r,27,1,1.2,1.2,1.0,1.0,0.6,UNSTABLE
f66r,28,1,2.4,2.4,1.0,1.0,0.6,UNSTABLE
f66r,29,1,1.2,1.2,1.0,1.0,0.6,UNSTABLE
f66r,30,1,1.2,1.2,1.0,1.0,0.6,UNSTABLE
f66r,31,1,1.2,1.2,1.0,1.0,0.6,UNSTABLE
f66r,32,1,1.2,1.2,1.0,1.0,0.6,UNSTABLE
f66r,33,1,1.2,1.2,1.0,1.0,0.6,UNSTABLE
f66r,34,1,1.2,1.2,1.0,1.0,0.6,UNSTABLE
f66r,35,1,1.2,1.2,1.0,1.0,0.8,UNSTABLE
f66r,36,1,1.2,1.2,1.0,1.0,0.6,UNSTABLE
f66r,37,4,4.8,6.14,1.0,1.0,0.4691,UNSTABLE
f66r,38,2,10.71,10.8,1.0,1.0,0.595,UNSTABLE
f66r,39,1,1.2,1.2,1.0,1.0,0.6,UNSTABLE
f66r,40,1,1.2,1.2,1.0,1.0,0.6,UNSTABLE
f66r,41,1,1.2,1.2,1.0,1.0,0.6,UNSTABLE
f66r,42,1,6.0,6.0,1.0,1.0,0.6,UNSTABLE
f66r,43,1,1.2,1.2,1.0,1.0,0.8,UNSTABLE
f66r,44,1,1.2,1.2,1.0,1.0,0.8,UNSTABLE
f66r,45,1,1.2,1.2,1.0,1.0,0.6,UNSTABLE
f66r,46,1,1.2,1.2,1.0,1.0,0.6,UNSTABLE
f66r,47,1,1.2,1.2,1.0,1.0,0.6,UNSTABLE
f66r,48,1,1.2,1.2,1.0,1.0,0.6,UNSTABLE
f66r,49,1,1.2,1.2,1.0,1.0,0.6,UNSTABLE
f66r,50,9,8.97,15.5,1.0,1.0,0.5472,UNSTABLE
f66r,51,9,14.31,23.31,1.0,1.0,0.7683,UNSTABLE
f66r,52,9,10.58,25.36,1.0,1.0,0.6503,UNSTABLE
f66r,53,9,12.09,35.43,1.0,1.0,0.4047,UNSTABLE
f66r,54,8,16.07,25.06,1.0,1.0,0.7848,UNSTABLE
f66r,55,8,11.55,19.43,1.0,1.0,0.7567,UNSTABLE
f66r,56,3,15.41,21.59,1.0,1.0,0.8283,UNSTABLE
f66r,57,8,14.6,22.2,1.0,1.0,0.7946,UNSTABLE
f66r,58,10,8.76,13.55,1.0,1.0,0.7879,UNSTABLE
f66r,59,7,14.18,23.08,1.0,1.0,0.5686,UNSTABLE
f66r,60,7,17.73,39.9,1.0,1.0,0.6666,UNSTABLE
f66r,61,10,8.29,17.87,1.0,1.0,0.6783,UNSTABLE
f66r,62,7,8.96,20.46,1.0,1.0,0.6628,UNSTABLE
f66r,63,9,9.08,19.8,1.0,1.0,0.6752,UNSTABLE
f66r,64,9,9.19,18.45,1.0,1.0,0.4989,UNSTABLE
f66r,65,10,7.66,12.59,1.0,1.0,0.7651,UNSTABLE
f66r,66,4,18.89,51.45,1.0,1.0,0.6203,UNSTABLE
f66r,67,9,10.6,22.68,1.0,1.0,0.6804,UNSTABLE
f66r,68,9,7.38,13.12,1.0,1.0,0.7375,UNSTABLE
f66r,69,9,9.97,17.97,1.0,1.0,0.7329,UNSTABLE
f66r,70,11,7.16,14.27,1.0,1.0,0.7011,UNSTABLE
f66r,71,10,8.05,18.97,1.0,1.0,0.6546,UNSTABLE
f66r,72,8,8.94,14.1,1.0,1.0,0.5804,UNSTABLE
f66r,73,8,11.76,29.41,1.0,1.0,0.4399,UNSTABLE
f66r,74,8,10.08,28.69,1.0,1.0,0.6108,UNSTABLE
f66r,75,9,9.41,22.75,1.0,1.0,0.4482,UNSTABLE
f66r,76,9,12.3,23.31,1.0,1.0,0.7166,UNSTABLE
f66r,77,10,9.03,15.65,1.0,1.0,0.7462,UNSTABLE
f66r,78,9,5.75,9.84,1.0,1.0,0.5506,UNSTABLE
f66r,79,7,11.87,26.78,1.0,1.0,0.4659,UNSTABLE
f66r,80,9,8.41,20.4,1.0,1.0,0.6474,UNSTABLE
f66r,81,5,9.8,17.34,1.0,1.0,0.5391,UNSTABLE
f66r,82,3,10.55,17.99,1.0,1.0,0.5519,UNSTABLE
f66v,1,8,10.46,17.4,1.0,1.0,0.5607,UNSTABLE
f66v,2,9,12.54,22.05,1.0,1.0,0.5412,UNSTABLE
f66v,3,10,10.21,38.33,1.0,1.0,0.3598,UNSTABLE
f66v,4,10,7.1,10.65,1.0,1.0,0.8,UNSTABLE
f66v,5,5,11.29,18.49,1.0,1.0,0.7664,UNSTABLE
f66v,6,9,8.07,11.33,1.0,1.0,0.6274,UNSTABLE
f66v,7,8,11.55,21.93,1.0,1.0,0.716,UNSTABLE
f66v,8,8,10.16,20.59,1.0,1.0,0.6961,UNSTABLE
f66v,9,8,11.16,17.44,1.0,1.0,0.7839,UNSTABLE
f66v,10,9,10.3,29.14,1.0,1.0,0.6121,UNSTABLE
f66v,11,9,8.34,13.53,1.0,1.0,0.7698,UNSTABLE
f66v,12,10,8.08,13.97,1.0,1.0,0.547,UNSTABLE
f66v,13,7,12.1,33.77,1.0,1.0,0.615,UNSTABLE
f69r,1,10,8.34,31.94,1.0,1.0,0.5567,UNSTABLE
f69r,2,10,7.3,17.35,1.0,1.0,0.6524,UNSTABLE
f69r,3,8,9.51,14.36,1.0,1.0,0.5974,UNSTABLE
f69r,4,7,8.85,19.18,1.0,1.0,0.6769,UNSTABLE
f69r,5,3,9.9,12.91,1.0,1.0,0.6601,UNSTABLE
f69r,6,3,7.09,10.8,1.0,1.0,0.7939,UNSTABLE
f69r,7,3,6.41,10.8,1.0,1.0,0.7561,UNSTABLE
f69r,8,2,11.6,12.4,1.0,1.0,0.5613,UNSTABLE
f69r,9,1,14.4,14.4,1.0,1.0,0.8,UNSTABLE
f69r,10,3,4.41,4.84,1.0,1.0,0.7467,UNSTABLE
f69r,11,2,8.0,12.4,1.0,1.0,0.3871,UNSTABLE
f69r,12,2,6.51,10.63,1.0,1.0,0.5675,UNSTABLE
f69r,13,2,7.71,10.63,1.0,1.0,0.6352,UNSTABLE
f69r,14,4,5.95,8.78,1.0,1.0,0.8066,UNSTABLE
f69r,15,2,10.71,10.8,1.0,1.0,0.795,UNSTABLE
f69r,16,2,9.8,12.4,1.0,1.0,0.6742,UNSTABLE
f69r,17,2,8.03,8.86,1.0,1.0,0.9438,STABLE (PASS)
f69r,18,1,12.0,12.0,1.0,1.0,0.6,UNSTABLE
f69r,19,2,8.01,10.63,1.0,1.0,0.6521,UNSTABLE
f69r,20,1,6.6,6.6,1.0,1.0,0.8,UNSTABLE
f69r,21,2,14.31,18.0,1.0,1.0,0.677,UNSTABLE
f69r,22,3,11.81,16.19,1.0,1.0,0.6377,UNSTABLE
f69r,23,2,14.31,18.0,1.0,1.0,0.677,UNSTABLE
f69r,24,2,18.14,19.49,1.0,1.0,0.7584,UNSTABLE
f69r,25,3,10.05,15.6,1.0,1.0,0.5865,UNSTABLE
f69r,26,4,8.3,14.4,1.0,1.0,0.5458,UNSTABLE
f69r,27,3,12.84,16.8,1.0,1.0,0.8586,UNSTABLE
f69r,28,2,13.14,19.2,1.0,1.0,0.6106,UNSTABLE
f69r,29,3,9.41,14.4,1.0,1.0,0.5921,UNSTABLE
f69r,30,3,11.87,20.4,1.0,1.0,0.7491,UNSTABLE
f69r,31,3,10.67,14.4,1.0,1.0,0.8446,UNSTABLE
f69r,32,3,11.63,14.4,1.0,1.0,0.6846,UNSTABLE
f69r,33,4,10.89,15.6,1.0,1.0,0.6188,UNSTABLE
f69r,34,3,14.11,22.67,1.0,1.0,0.5734,UNSTABLE
f69r,35,2,13.11,15.6,1.0,1.0,0.9042,UNSTABLE
f69r,36,3,9.95,18.0,1.0,1.0,0.5317,UNSTABLE
f69r,37,2,17.86,18.0,1.0,1.0,0.7953,UNSTABLE
f69r,38,4,7.86,15.81,1.0,1.0,0.4983,UNSTABLE
f69r,39,3,12.34,18.0,1.0,1.0,0.6113,UNSTABLE
f69r,40,3,10.23,15.6,1.0,1.0,0.5935,UNSTABLE
f69r,41,2,16.97,18.0,1.0,1.0,0.5657,UNSTABLE
f69r,42,3,10.03,16.8,1.0,1.0,0.3582,UNSTABLE
f69r,43,8,12.74,19.38,1.0,1.0,0.5944,UNSTABLE
f69r,44,1,6.0,6.0,1.0,1.0,0.6,UNSTABLE
f69r,45,1,6.0,6.0,1.0,1.0,0.6,UNSTABLE
f69r,46,1,6.0,6.0,1.0,1.0,0.6,UNSTABLE
f69r,47,1,6.0,6.0,1.0,1.0,0.8,UNSTABLE
f69r,48,1,6.0,6.0,1.0,1.0,0.8,UNSTABLE
f69r,49,1,12.0,12.0,1.0,1.0,0.6,UNSTABLE
f69v,1,35,8.63,31.52,1.0,1.0,0.3643,UNSTABLE
f69v,2,32,7.48,22.8,1.0,1.0,0.3968,UNSTABLE
f69v,3,26,8.46,21.4,1.0,1.0,0.6372,UNSTABLE
f69v,4,1,20.4,20.4,1.0,1.0,0.8,UNSTABLE
f69v,5,1,18.0,18.0,1.0,1.0,0.6,UNSTABLE
f69v,6,1,16.8,16.8,1.0,1.0,0.6,UNSTABLE
f69v,7,1,15.6,15.6,1.0,1.0,0.6,UNSTABLE
f69v,8,1,15.6,15.6,1.0,1.0,0.6,UNSTABLE
f69v,9,1,15.6,15.6,1.0,1.0,0.6,UNSTABLE
f69v,10,1,15.6,15.6,1.0,1.0,0.6,UNSTABLE
f69v,11,1,15.6,15.6,1.0,1.0,0.6,UNSTABLE
f69v,12,1,15.6,15.6,1.0,1.0,0.6,UNSTABLE
f69v,13,1,20.4,20.4,1.0,1.0,0.8,UNSTABLE
f69v,14,1,15.6,15.6,1.0,1.0,0.6,UNSTABLE
f69v,15,1,16.8,16.8,1.0,1.0,0.8,UNSTABLE
f69v,16,1,15.6,15.6,1.0,1.0,0.8,UNSTABLE
f69v,17,1,16.8,16.8,1.0,1.0,0.6,UNSTABLE
f69v,18,1,15.6,15.6,1.0,1.0,0.6,UNSTABLE
f69v,19,1,15.6,15.6,1.0,1.0,0.8,UNSTABLE
f69v,20,1,15.6,15.6,1.0,1.0,0.8,UNSTABLE
f69v,21,1,16.8,16.8,1.0,1.0,0.8,UNSTABLE
f69v,22,1,16.8,16.8,1.0,1.0,0.6,UNSTABLE
f69v,23,1,16.8,16.8,1.0,1.0,0.6,UNSTABLE
f69v,24,1,15.6,15.6,1.0,1.0,0.6,UNSTABLE
f69v,25,1,19.2,19.2,1.0,1.0,0.6,UNSTABLE
f69v,26,1,21.6,21.6,1.0,1.0,0.6,UNSTABLE
f69v,27,1,15.6,15.6,1.0,1.0,0.6,UNSTABLE
f69v,28,1,18.0,18.0,1.0,1.0,0.6,UNSTABLE
f69v,29,1,16.8,16.8,1.0,1.0,0.6,UNSTABLE
f69v,30,1,22.8,22.8,1.0,1.0,0.6,UNSTABLE
f69v,31,2,10.14,13.2,1.0,1.0,0.6609,UNSTABLE
f71r,1,32,10.3,22.09,1.0,1.0,0.6798,UNSTABLE
f71r,2,2,11.34,15.6,1.0,1.0,0.8362,UNSTABLE
f71r,3,1,16.8,16.8,1.0,1.0,0.8,UNSTABLE
f71r,4,1,19.2,19.2,1.0,1.0,0.6,UNSTABLE
f71r,5,1,18.0,18.0,1.0,1.0,0.8,UNSTABLE
f71r,6,1,18.0,18.0,1.0,1.0,0.6,UNSTABLE
f71r,7,1,18.0,18.0,1.0,1.0,0.6,UNSTABLE
f71r,8,1,18.0,18.0,1.0,1.0,0.8,UNSTABLE
f71r,9,1,16.8,16.8,1.0,1.0,0.6,UNSTABLE
f71r,10,2,12.54,18.0,1.0,1.0,0.418,UNSTABLE
f71r,11,1,18.0,18.0,1.0,1.0,0.6,UNSTABLE
f71r,12,24,8.74,22.67,1.0,1.0,0.6313,UNSTABLE
f71r,13,1,19.2,19.2,1.0,1.0,0.6,UNSTABLE
f71r,14,1,20.4,20.4,1.0,1.0,0.8,UNSTABLE
f71r,15,1,16.8,16.8,1.0,1.0,0.8,UNSTABLE
f71r,16,1,18.0,18.0,1.0,1.0,0.6,UNSTABLE
f71r,17,1,18.0,18.0,1.0,1.0,0.8,UNSTABLE
f71r,18,9,11.96,22.19,1.0,1.0,0.5234,UNSTABLE
f71v,1,36,7.07,25.92,1.0,1.0,0.5637,UNSTABLE
f71v,2,2,10.74,14.4,1.0,1.0,0.8475,UNSTABLE
f71v,3,1,16.8,16.8,1.0,1.0,0.6,UNSTABLE
f71v,4,1,16.8,16.8,1.0,1.0,0.8,UNSTABLE
f71v,5,1,18.0,18.0,1.0,1.0,0.6,UNSTABLE
f71v,6,1,16.8,16.8,1.0,1.0,0.6,UNSTABLE
f71v,7,1,8.4,8.4,1.0,1.0,0.8,UNSTABLE
f71v,8,1,9.6,9.6,1.0,1.0,0.8,UNSTABLE
f71v,9,2,12.51,14.4,1.0,1.0,0.9212,UNSTABLE
f71v,10,3,8.48,16.8,1.0,1.0,0.5029,UNSTABLE
f71v,11,2,5.97,8.4,1.0,1.0,0.8264,UNSTABLE
f71v,12,26,7.71,57.04,1.0,1.0,0.4811,UNSTABLE
f71v,13,1,20.4,20.4,1.0,1.0,0.8,UNSTABLE
f71v,14,1,18.0,18.0,1.0,1.0,0.6,UNSTABLE
f71v,15,1,9.6,9.6,1.0,1.0,0.8,UNSTABLE
f71v,16,2,14.29,14.4,1.0,1.0,0.7954,UNSTABLE
f71v,17,1,19.2,19.2,1.0,1.0,0.6,UNSTABLE
f71v,18,11,10.79,18.32,1.0,1.0,0.7534,UNSTABLE
f73r,1,1,15.6,15.6,1.0,1.0,0.6,UNSTABLE
f73r,2,1,18.0,18.0,1.0,1.0,0.6,UNSTABLE
f73r,3,1,7.8,7.8,1.0,1.0,0.8,UNSTABLE
f73r,4,1,18.0,18.0,1.0,1.0,0.6,UNSTABLE
f73r,5,28,10.5,24.1,1.0,1.0,0.6614,UNSTABLE
f73r,6,1,15.6,15.6,1.0,1.0,0.6,UNSTABLE
f73r,7,1,16.8,16.8,1.0,1.0,0.6,UNSTABLE
f73r,8,1,18.0,18.0,1.0,1.0,0.8,UNSTABLE
f73r,9,1,10.8,10.8,1.0,1.0,0.8,UNSTABLE
f73r,10,1,15.6,15.6,1.0,1.0,0.6,UNSTABLE
f73r,11,1,8.4,8.4,1.0,1.0,0.8,UNSTABLE
f73r,12,1,18.0,18.0,1.0,1.0,0.6,UNSTABLE
f73r,13,1,18.0,18.0,1.0,1.0,0.6,UNSTABLE
f73r,14,1,16.8,16.8,1.0,1.0,0.8,UNSTABLE
f73r,15,1,18.0,18.0,1.0,1.0,0.6,UNSTABLE
f73r,16,1,21.6,21.6,1.0,1.0,0.8,UNSTABLE
f73r,17,1,14.4,14.4,1.0,1.0,0.6,UNSTABLE
f73r,18,1,18.0,18.0,1.0,1.0,0.6,UNSTABLE
f73r,19,1,8.4,8.4,1.0,1.0,0.8,UNSTABLE
f73r,20,1,15.6,15.6,1.0,1.0,0.8,UNSTABLE
f73r,21,1,14.4,14.4,1.0,1.0,0.6,UNSTABLE
f73r,22,21,6.34,15.6,1.0,1.0,0.6438,UNSTABLE
f73r,23,1,15.6,15.6,1.0,1.0,0.6,UNSTABLE
f73r,24,1,18.0,18.0,1.0,1.0,0.6,UNSTABLE
f73r,25,1,9.0,9.0,1.0,1.0,0.8,UNSTABLE
f73r,26,1,13.2,13.2,1.0,1.0,0.6,UNSTABLE
f73r,27,1,15.6,15.6,1.0,1.0,0.6,UNSTABLE
f73r,28,1,14.4,14.4,1.0,1.0,0.8,UNSTABLE
f73r,29,1,14.4,14.4,1.0,1.0,0.6,UNSTABLE
f73r,30,1,12.0,12.0,1.0,1.0,0.8,UNSTABLE
f73r,31,1,13.2,13.2,1.0,1.0,0.8,UNSTABLE
f73r,32,1,16.8,16.8,1.0,1.0,0.8,UNSTABLE
f73r,33,7,12.1,20.46,1.0,1.0,0.5548,UNSTABLE
f73v,1,1,14.4,14.4,1.0,1.0,0.8,UNSTABLE
f73v,2,1,16.8,16.8,1.0,1.0,0.6,UNSTABLE
f73v,3,1,8.4,8.4,1.0,1.0,0.8,UNSTABLE
f73v,4,1,16.8,16.8,1.0,1.0,0.6,UNSTABLE
f73v,5,31,9.81,28.4,1.0,1.0,0.6073,UNSTABLE
f73v,6,1,16.8,16.8,1.0,1.0,0.6,UNSTABLE
f73v,7,1,15.6,15.6,1.0,1.0,0.8,UNSTABLE
f73v,8,1,15.6,15.6,1.0,1.0,0.8,UNSTABLE
f73v,9,1,19.2,19.2,1.0,1.0,0.6,UNSTABLE
f73v,10,1,7.8,7.8,1.0,1.0,0.8,UNSTABLE
f73v,11,1,15.6,15.6,1.0,1.0,0.8,UNSTABLE
f73v,12,1,16.8,16.8,1.0,1.0,0.6,UNSTABLE
f73v,13,1,16.8,16.8,1.0,1.0,0.6,UNSTABLE
f73v,14,1,8.4,8.4,1.0,1.0,0.8,UNSTABLE
f73v,15,1,19.2,19.2,1.0,1.0,0.6,UNSTABLE
f73v,16,1,19.2,19.2,1.0,1.0,0.6,UNSTABLE
f73v,17,1,18.0,18.0,1.0,1.0,0.6,UNSTABLE
f73v,18,1,18.0,18.0,1.0,1.0,0.6,UNSTABLE
f73v,19,1,15.6,15.6,1.0,1.0,0.8,UNSTABLE
f73v,20,1,16.8,16.8,1.0,1.0,0.8,UNSTABLE
f73v,21,1,18.0,18.0,1.0,1.0,0.6,UNSTABLE
f73v,22,21,7.56,22.8,1.0,1.0,0.5989,UNSTABLE
f73v,23,1,7.8,7.8,1.0,1.0,0.8,UNSTABLE
f73v,24,1,14.4,14.4,1.0,1.0,0.6,UNSTABLE
f73v,25,1,13.2,13.2,1.0,1.0,0.6,UNSTABLE
f73v,26,1,14.4,14.4,1.0,1.0,0.6,UNSTABLE
f73v,27,1,14.4,14.4,1.0,1.0,0.8,UNSTABLE
f73v,28,1,14.4,14.4,1.0,1.0,0.6,UNSTABLE
f73v,29,1,15.6,15.6,1.0,1.0,0.6,UNSTABLE
f73v,30,1,15.6,15.6,1.0,1.0,0.6,UNSTABLE
f73v,31,1,14.4,14.4,1.0,1.0,0.6,UNSTABLE
f73v,32,1,14.4,14.4,1.0,1.0,0.8,UNSTABLE
f73v,33,8,10.51,23.39,1.0,1.0,0.6696,UNSTABLE
f75r,1,5,13.55,25.2,1.0,1.0,0.7226,UNSTABLE
f75r,2,7,11.69,31.96,1.0,1.0,0.4195,UNSTABLE
f75r,3,8,8.07,18.67,1.0,1.0,0.6593,UNSTABLE
f75r,4,9,8.55,18.54,1.0,1.0,0.6767,UNSTABLE
f75r,5,8,8.61,17.23,1.0,1.0,0.6998,UNSTABLE
f75r,6,7,13.54,21.49,1.0,1.0,0.778,UNSTABLE
f75r,7,8,10.86,38.77,1.0,1.0,0.5681,UNSTABLE
f75r,8,7,16.1,53.56,1.0,1.0,0.5804,UNSTABLE
f75r,9,8,10.82,15.86,1.0,1.0,0.8093,UNSTABLE
f75r,10,9,8.89,18.9,1.0,1.0,0.6822,UNSTABLE
f75r,11,9,9.68,16.2,1.0,1.0,0.7585,UNSTABLE
f75r,12,9,8.39,16.19,1.0,1.0,0.7109,UNSTABLE
f75r,13,7,16.31,44.64,1.0,1.0,0.6192,UNSTABLE
f75r,14,7,18.93,56.54,1.0,1.0,0.6009,UNSTABLE
f75r,15,8,15.08,50.0,1.0,1.0,0.581,UNSTABLE
f75r,16,7,9.58,18.42,1.0,1.0,0.7121,UNSTABLE
f75r,17,5,18.41,53.08,1.0,1.0,0.6081,UNSTABLE
f75r,18,8,9.08,35.63,1.0,1.0,0.5529,UNSTABLE
f75r,19,6,17.78,33.23,1.0,1.0,0.721,UNSTABLE
f75r,20,6,10.37,17.76,1.0,1.0,0.7503,UNSTABLE
f75r,21,7,5.55,9.92,1.0,1.0,0.5357,UNSTABLE
f75r,22,5,14.72,25.68,1.0,1.0,0.7439,UNSTABLE
f75r,23,5,19.29,40.06,1.0,1.0,0.6889,UNSTABLE
f75r,24,6,13.76,42.29,1.0,1.0,0.5952,UNSTABLE
f75r,25,7,8.24,20.83,1.0,1.0,0.6373,UNSTABLE
f75r,26,6,11.86,50.33,1.0,1.0,0.3414,UNSTABLE
f75r,27,10,9.68,38.33,1.0,1.0,0.5515,UNSTABLE
f75r,28,10,9.99,21.07,1.0,1.0,0.6845,UNSTABLE
f75r,29,11,8.52,28.89,1.0,1.0,0.5769,UNSTABLE
f75r,30,10,11.48,18.79,1.0,1.0,0.7666,UNSTABLE
f75r,31,9,10.42,15.75,1.0,1.0,0.797,UNSTABLE
f75r,32,10,7.63,18.79,1.0,1.0,0.6436,UNSTABLE
f75r,33,8,8.93,19.43,1.0,1.0,0.6758,UNSTABLE
f75r,34,8,6.87,12.96,1.0,1.0,0.5181,UNSTABLE
f75r,35,8,11.06,28.69,1.0,1.0,0.6313,UNSTABLE
f75r,36,7,10.85,20.83,1.0,1.0,0.7125,UNSTABLE
f75r,37,7,13.81,24.56,1.0,1.0,0.7374,UNSTABLE
f75r,38,6,16.4,22.4,1.0,1.0,0.8393,UNSTABLE
f75r,39,6,10.8,21.15,1.0,1.0,0.7064,UNSTABLE
f75r,40,6,7.13,18.13,1.0,1.0,0.636,UNSTABLE
f75r,41,6,8.5,18.49,1.0,1.0,0.6758,UNSTABLE
f75r,42,6,15.64,22.4,1.0,1.0,0.8189,UNSTABLE
f75r,43,6,10.36,19.33,1.0,1.0,0.7216,UNSTABLE
f75r,44,11,8.29,19.26,1.0,1.0,0.6583,UNSTABLE
f75r,45,10,9.18,16.26,1.0,1.0,0.7387,UNSTABLE
f75r,46,8,10.58,19.03,1.0,1.0,0.7336,UNSTABLE
f75r,47,2,13.17,19.13,1.0,1.0,0.6131,UNSTABLE
f75r,48,2,6.83,8.86,1.0,1.0,0.4625,UNSTABLE
f75r,49,2,5.94,7.09,1.0,1.0,0.7027,UNSTABLE
f75r,50,1,6.0,6.0,1.0,1.0,0.6,UNSTABLE
f75r,51,1,6.0,6.0,1.0,1.0,0.6,UNSTABLE
f75r,52,1,6.0,6.0,1.0,1.0,0.6,UNSTABLE
f75r,53,1,9.6,9.6,1.0,1.0,0.6,UNSTABLE
f75v,1,8,14.62,38.87,1.0,1.0,0.6257,UNSTABLE
f75v,2,1,1.2,1.2,1.0,1.0,0.8,UNSTABLE
f75v,3,9,9.51,17.48,1.0,1.0,0.7264,UNSTABLE
f75v,4,1,1.2,1.2,1.0,1.0,0.8,UNSTABLE
f75v,5,9,9.89,20.66,1.0,1.0,0.6872,UNSTABLE
f75v,6,1,1.2,1.2,1.0,1.0,0.8,UNSTABLE
f75v,7,10,8.55,15.12,1.0,1.0,0.7393,UNSTABLE
f75v,8,1,1.2,1.2,1.0,1.0,0.6,UNSTABLE
f75v,9,1,1.2,1.2,1.0,1.0,0.8,UNSTABLE
f75v,10,9,9.12,14.57,1.0,1.0,0.7756,UNSTABLE
f75v,11,1,1.2,1.2,1.0,1.0,0.8,UNSTABLE
f75v,12,12,7.41,17.14,1.0,1.0,0.6594,UNSTABLE
f75v,13,10,9.38,41.53,1.0,1.0,0.5355,UNSTABLE
f75v,14,8,18.57,58.3,1.0,1.0,0.5911,UNSTABLE
f75v,15,10,10.63,44.72,1.0,1.0,0.5426,UNSTABLE
f75v,16,8,14.14,31.56,1.0,1.0,0.6688,UNSTABLE
f75v,17,7,10.09,17.85,1.0,1.0,0.7392,UNSTABLE
f75v,18,1,10.8,10.8,1.0,1.0,0.6,UNSTABLE
f75v,19,1,6.0,6.0,1.0,1.0,0.8,UNSTABLE
f75v,20,1,6.0,6.0,1.0,1.0,0.8,UNSTABLE
f75v,21,1,6.0,6.0,1.0,1.0,0.8,UNSTABLE
f75v,22,1,6.0,6.0,1.0,1.0,0.6,UNSTABLE
f75v,23,1,8.4,8.4,1.0,1.0,0.6,UNSTABLE
f75v,24,1,7.2,7.2,1.0,1.0,0.8,UNSTABLE
f75v,25,1,10.8,10.8,1.0,1.0,1.0,STABLE (PASS)
f75v,26,1,3.6,3.6,1.0,1.0,0.6,UNSTABLE
f75v,27,1,3.6,3.6,1.0,1.0,0.6,UNSTABLE
f75v,28,1,3.6,3.6,1.0,1.0,0.6,UNSTABLE
f75v,29,1,4.8,4.8,1.0,1.0,0.6,UNSTABLE
f75v,30,1,4.8,4.8,1.0,1.0,0.6,UNSTABLE
f75v,31,1,3.6,3.6,1.0,1.0,0.8,UNSTABLE
f75v,32,1,6.0,6.0,1.0,1.0,0.6,UNSTABLE
f75v,33,1,10.8,10.8,1.0,1.0,0.6,UNSTABLE
f75v,34,1,4.8,4.8,1.0,1.0,0.8,UNSTABLE
f75v,35,1,3.0,3.0,1.0,1.0,0.8,UNSTABLE
f75v,36,1,7.2,7.2,1.0,1.0,0.6,UNSTABLE
f75v,37,1,6.0,6.0,1.0,1.0,0.8,UNSTABLE
f75v,38,12,7.76,15.42,1.0,1.0,0.7019,UNSTABLE
f75v,39,11,10.41,28.74,1.0,1.0,0.6173,UNSTABLE
f75v,40,12,7.26,15.2,1.0,1.0,0.6866,UNSTABLE
f75v,41,12,8.8,19.16,1.0,1.0,0.6756,UNSTABLE
f75v,42,6,14.23,21.15,1.0,1.0,0.8037,UNSTABLE
f75v,43,11,9.43,19.26,1.0,1.0,0.6938,UNSTABLE
f75v,44,10,10.85,21.68,1.0,1.0,0.7003,UNSTABLE
f75v,45,12,10.03,19.32,1.0,1.0,0.7115,UNSTABLE
f75v,46,10,11.52,19.42,1.0,1.0,0.7559,UNSTABLE
f75v,47,11,9.96,19.46,1.0,1.0,0.7071,UNSTABLE
f75v,48,12,6.39,12.96,1.0,1.0,0.6958,UNSTABLE
f75v,49,6,11.55,25.6,1.0,1.0,0.4707,UNSTABLE
f75v,50,2,5.94,7.09,1.0,1.0,0.7027,UNSTABLE
f75v,51,2,8.06,10.8,1.0,1.0,0.6478,UNSTABLE
f75v,52,1,4.8,4.8,1.0,1.0,0.8,UNSTABLE
f75v,53,1,3.0,3.0,1.0,1.0,0.8,UNSTABLE
f75v,54,1,3.0,3.0,1.0,1.0,0.8,UNSTABLE
f75v,55,1,6.0,6.0,1.0,1.0,0.6,UNSTABLE
f75v,56,1,12.96,12.96,1.0,1.0,0.8,UNSTABLE
f75v,57,3,9.32,17.75,1.0,1.0,0.515,UNSTABLE
f75v,58,2,5.8,6.2,1.0,1.0,0.7613,UNSTABLE
f75v,59,3,18.55,26.15,1.0,1.0,0.8256,UNSTABLE
f75v,60,6,12.0,22.4,1.0,1.0,0.7214,UNSTABLE
f75v,61,5,10.77,28.08,1.0,1.0,0.4301,UNSTABLE
f75v,62,6,9.82,18.49,1.0,1.0,0.7187,UNSTABLE
f75v,63,5,11.76,21.51,1.0,1.0,0.528,UNSTABLE
f75v,64,6,7.57,16.11,1.0,1.0,0.6819,UNSTABLE
f75v,65,5,6.47,10.8,1.0,1.0,0.7594,UNSTABLE
f75v,66,4,16.08,28.94,1.0,1.0,0.7334,UNSTABLE
f75v,67,4,8.38,16.59,1.0,1.0,0.7031,UNSTABLE
f75v,68,5,7.36,12.6,1.0,1.0,0.7505,UNSTABLE
f75v,69,4,12.68,25.72,1.0,1.0,0.4958,UNSTABLE
f75v,70,4,8.93,12.5,1.0,1.0,0.8286,UNSTABLE
f76r,1,11,9.39,16.68,1.0,1.0,0.7378,UNSTABLE
f76r,2,11,9.25,20.33,1.0,1.0,0.673,UNSTABLE
f76r,3,11,11.01,18.69,1.0,1.0,0.7535,UNSTABLE
f76r,4,1,1.2,1.2,1.0,1.0,0.8,UNSTABLE
f76r,5,12,9.1,18.51,1.0,1.0,0.695,UNSTABLE
f76r,6,13,9.43,22.78,1.0,1.0,0.6484,UNSTABLE
f76r,7,1,1.2,1.2,1.0,1.0,0.6,UNSTABLE
f76r,8,13,8.55,19.93,1.0,1.0,0.6574,UNSTABLE
f76r,9,13,5.55,12.62,1.0,1.0,0.4639,UNSTABLE
f76r,10,1,1.2,1.2,1.0,1.0,0.6,UNSTABLE
f76r,11,11,7.64,21.6,1.0,1.0,0.4122,UNSTABLE
f76r,12,13,5.79,16.3,1.0,1.0,0.6131,UNSTABLE
f76r,13,11,11.35,19.39,1.0,1.0,0.7512,UNSTABLE
f76r,14,1,1.2,1.2,1.0,1.0,0.8,UNSTABLE
f76r,15,10,8.67,23.14,1.0,1.0,0.6248,UNSTABLE
f76r,16,11,11.32,19.46,1.0,1.0,0.749,UNSTABLE
f76r,17,12,8.19,19.85,1.0,1.0,0.6476,UNSTABLE
f76r,18,1,1.2,1.2,1.0,1.0,0.6,UNSTABLE
f76r,19,11,10.23,18.69,1.0,1.0,0.7284,UNSTABLE
f76r,20,12,9.21,22.54,1.0,1.0,0.6452,UNSTABLE
f76r,21,11,9.87,30.5,1.0,1.0,0.5942,UNSTABLE
f76r,22,1,1.2,1.2,1.0,1.0,0.8,UNSTABLE
f76r,23,11,7.87,19.39,1.0,1.0,0.6435,UNSTABLE
f76r,24,11,8.82,25.42,1.0,1.0,0.6082,UNSTABLE
f76r,25,12,9.07,17.16,1.0,1.0,0.7171,UNSTABLE
f76r,26,12,10.76,24.8,1.0,1.0,0.6603,UNSTABLE
f76r,27,1,1.2,1.2,1.0,1.0,0.6,UNSTABLE
f76r,28,11,9.35,25.02,1.0,1.0,0.6242,UNSTABLE
f76r,29,12,8.61,19.32,1.0,1.0,0.6674,UNSTABLE
f76r,30,12,8.08,16.1,1.0,1.0,0.7011,UNSTABLE
f76r,31,1,1.2,1.2,1.0,1.0,0.8,UNSTABLE
f76r,32,13,7.59,21.76,1.0,1.0,0.6093,UNSTABLE
f76r,33,13,10.04,35.5,1.0,1.0,0.5697,UNSTABLE
f76r,34,11,8.74,37.37,1.0,1.0,0.5403,UNSTABLE
f76r,35,12,8.17,22.54,1.0,1.0,0.6175,UNSTABLE
f76r,36,11,9.35,20.41,1.0,1.0,0.6749,UNSTABLE
f76r,37,1,1.2,1.2,1.0,1.0,0.8,UNSTABLE
f76r,38,6,10.01,16.0,1.0,1.0,0.7754,UNSTABLE
f76r,39,9,11.23,22.19,1.0,1.0,0.7037,UNSTABLE
f76r,40,13,7.94,20.15,1.0,1.0,0.6364,UNSTABLE
f76r,41,12,9.14,17.24,1.0,1.0,0.7181,UNSTABLE
f76r,42,12,7.68,30.85,1.0,1.0,0.5494,UNSTABLE
f76r,43,10,8.3,15.65,1.0,1.0,0.7182,UNSTABLE
f76r,44,11,7.69,15.6,1.0,1.0,0.4958,UNSTABLE
f76r,45,12,8.78,22.54,1.0,1.0,0.6337,UNSTABLE
f76r,46,10,7.18,16.18,1.0,1.0,0.4663,UNSTABLE
f76r,47,10,8.47,22.66,1.0,1.0,0.4243,UNSTABLE
f76r,48,10,8.37,16.26,1.0,1.0,0.7089,UNSTABLE
f76r,49,11,5.51,9.63,1.0,1.0,0.7433,UNSTABLE
f76r,50,9,7.87,20.66,1.0,1.0,0.6286,UNSTABLE
f76r,51,10,7.35,18.67,1.0,1.0,0.6362,UNSTABLE
f76r,52,9,10.25,20.4,1.0,1.0,0.7015,UNSTABLE
f76r,53,11,7.03,19.46,1.0,1.0,0.6168,UNSTABLE
f76r,54,8,10.06,18.09,1.0,1.0,0.5337,UNSTABLE
f76r,55,10,7.9,18.06,1.0,1.0,0.6625,UNSTABLE
f76r,56,6,9.14,19.33,1.0,1.0,0.6837,UNSTABLE
f76v,1,8,13.71,26.3,1.0,1.0,0.7128,UNSTABLE
f76v,2,10,9.0,18.97,1.0,1.0,0.6847,UNSTABLE
f76v,3,9,9.48,22.19,1.0,1.0,0.6563,UNSTABLE
f76v,4,10,8.55,15.56,1.0,1.0,0.7297,UNSTABLE
f76v,5,10,7.91,19.42,1.0,1.0,0.4444,UNSTABLE
f76v,6,9,10.5,22.05,1.0,1.0,0.4857,UNSTABLE
f76v,7,11,9.65,18.32,1.0,1.0,0.716,UNSTABLE
f76v,8,10,11.73,22.66,1.0,1.0,0.7106,UNSTABLE
f76v,9,7,5.94,13.73,1.0,1.0,0.4596,UNSTABLE
f76v,10,10,7.85,20.25,1.0,1.0,0.6326,UNSTABLE
f76v,11,10,8.52,19.42,1.0,1.0,0.6632,UNSTABLE
f76v,12,11,9.57,21.8,1.0,1.0,0.6634,UNSTABLE
f76v,13,11,9.81,22.62,1.0,1.0,0.6602,UNSTABLE
f76v,14,10,9.26,21.07,1.0,1.0,0.6637,UNSTABLE
f76v,15,5,8.53,19.07,1.0,1.0,0.4684,UNSTABLE
f76v,16,8,11.6,19.03,1.0,1.0,0.7657,UNSTABLE
f76v,17,10,9.25,21.07,1.0,1.0,0.6634,UNSTABLE
f76v,18,9,12.91,25.2,1.0,1.0,0.7074,UNSTABLE
f76v,19,10,7.3,14.2,1.0,1.0,0.7085,UNSTABLE
f76v,20,11,9.8,21.37,1.0,1.0,0.6752,UNSTABLE
f76v,21,10,8.88,21.3,1.0,1.0,0.4501,UNSTABLE
f76v,22,10,8.43,18.06,1.0,1.0,0.6801,UNSTABLE
f76v,23,10,9.46,17.87,1.0,1.0,0.7176,UNSTABLE
f76v,24,5,9.61,15.6,1.0,1.0,0.7696,UNSTABLE
f76v,25,9,10.17,23.31,1.0,1.0,0.6618,UNSTABLE
f76v,26,9,10.53,17.97,1.0,1.0,0.7516,UNSTABLE
f76v,27,11,5.59,20.12,1.0,1.0,0.5667,UNSTABLE
f76v,28,8,9.49,19.03,1.0,1.0,0.6992,UNSTABLE
f76v,29,10,10.59,20.25,1.0,1.0,0.7138,UNSTABLE
f76v,30,9,7.06,9.0,1.0,1.0,0.6707,UNSTABLE
f76v,31,10,7.58,18.06,1.0,1.0,0.6518,UNSTABLE
f76v,32,10,7.69,22.66,1.0,1.0,0.6036,UNSTABLE
f76v,33,3,9.21,19.79,1.0,1.0,0.6792,UNSTABLE
f76v,34,8,9.99,19.03,1.0,1.0,0.515,UNSTABLE
f76v,35,9,7.58,20.4,1.0,1.0,0.6229,UNSTABLE
f76v,36,6,9.49,16.0,1.0,1.0,0.7559,UNSTABLE
f76v,37,9,9.22,14.76,1.0,1.0,0.7748,UNSTABLE
f76v,38,11,6.94,20.12,1.0,1.0,0.607,UNSTABLE
f76v,39,8,10.84,22.42,1.0,1.0,0.6901,UNSTABLE
f76v,40,9,7.69,22.19,1.0,1.0,0.6079,UNSTABLE
f76v,41,9,6.74,18.9,1.0,1.0,0.614,UNSTABLE
f77r,1,1,9.6,9.6,1.0,1.0,0.8,UNSTABLE
f77r,2,1,7.2,7.2,1.0,1.0,0.8,UNSTABLE
f77r,3,1,3.0,3.0,1.0,1.0,0.8,UNSTABLE
f77r,4,1,6.0,6.0,1.0,1.0,0.6,UNSTABLE
f77r,5,1,4.8,4.8,1.0,1.0,1.0,STABLE (PASS)
f77r,6,1,6.0,6.0,1.0,1.0,0.6,UNSTABLE
f77r,7,1,6.0,6.0,1.0,1.0,0.8,UNSTABLE
f77r,8,1,3.6,3.6,1.0,1.0,0.8,UNSTABLE
f77r,9,8,13.91,25.91,1.0,1.0,0.7221,UNSTABLE
f77r,10,9,12.13,20.4,1.0,1.0,0.7568,UNSTABLE
f77r,11,9,10.1,20.66,1.0,1.0,0.6933,UNSTABLE
f77r,12,8,10.63,20.59,1.0,1.0,0.5098,UNSTABLE
f77r,13,9,10.59,25.67,1.0,1.0,0.6475,UNSTABLE
f77r,14,8,13.32,22.67,1.0,1.0,0.7525,UNSTABLE
f77r,15,8,13.47,22.95,1.0,1.0,0.7522,UNSTABLE
f77r,16,8,13.11,28.19,1.0,1.0,0.679,UNSTABLE
f77r,17,8,13.52,27.41,1.0,1.0,0.696,UNSTABLE
f77r,18,9,9.23,22.05,1.0,1.0,0.6512,UNSTABLE
f77r,19,9,13.2,22.68,1.0,1.0,0.7492,UNSTABLE
f77r,20,8,13.83,20.59,1.0,1.0,0.803,UNSTABLE
f77r,21,8,11.18,20.59,1.0,1.0,0.7258,UNSTABLE
f77r,22,10,6.62,15.12,1.0,1.0,0.6627,UNSTABLE
f77r,23,8,11.16,22.42,1.0,1.0,0.6987,UNSTABLE
f77r,24,6,10.89,26.64,1.0,1.0,0.6453,UNSTABLE
f77r,25,6,11.97,29.05,1.0,1.0,0.6472,UNSTABLE
f77r,26,6,14.76,21.15,1.0,1.0,0.8187,UNSTABLE
f77r,27,6,13.9,22.4,1.0,1.0,0.7723,UNSTABLE
f77r,28,6,9.33,18.13,1.0,1.0,0.7088,UNSTABLE
f77r,29,5,14.36,22.67,1.0,1.0,0.7801,UNSTABLE
f77r,30,6,11.43,22.55,1.0,1.0,0.7041,UNSTABLE
f77r,31,6,16.03,19.33,1.0,1.0,0.8976,UNSTABLE
f77r,32,8,8.79,23.91,1.0,1.0,0.4206,UNSTABLE
f77r,33,8,10.17,26.47,1.0,1.0,0.6305,UNSTABLE
f77r,34,8,13.42,25.37,1.0,1.0,0.7174,UNSTABLE
f77r,35,8,11.13,21.93,1.0,1.0,0.7045,UNSTABLE
f77r,36,7,14.66,32.95,1.0,1.0,0.6669,UNSTABLE
f77r,37,7,11.18,20.83,1.0,1.0,0.722,UNSTABLE
f77r,38,9,9.73,22.05,1.0,1.0,0.6648,UNSTABLE
f77r,39,7,7.13,13.23,1.0,1.0,0.5234,UNSTABLE
f77r,40,7,11.43,22.6,1.0,1.0,0.7035,UNSTABLE
f77r,41,8,9.76,18.09,1.0,1.0,0.7237,UNSTABLE
f77r,42,7,14.99,22.37,1.0,1.0,0.8021,UNSTABLE
f77r,43,6,13.7,22.55,1.0,1.0,0.5645,UNSTABLE
f77r,44,8,7.89,19.43,1.0,1.0,0.6436,UNSTABLE
f77r,45,9,6.54,15.12,1.0,1.0,0.6595,UNSTABLE
f77r,46,7,7.7,15.94,1.0,1.0,0.6898,UNSTABLE
f77r,47,8,7.17,17.97,1.0,1.0,0.4394,UNSTABLE
f77r,48,2,10.09,14.17,1.0,1.0,0.6272,UNSTABLE
f77r,49,1,7.2,7.2,1.0,1.0,0.6,UNSTABLE
f77r,50,1,12.0,12.0,1.0,1.0,0.8,UNSTABLE
f77v,1,2,9.83,10.8,1.0,1.0,0.7461,UNSTABLE
f77v,2,2,4.61,4.8,1.0,1.0,0.9763,STABLE (PASS)
f77v,3,1,9.6,9.6,1.0,1.0,0.8,UNSTABLE
f77v,4,1,3.6,3.6,1.0,1.0,1.0,STABLE (PASS)
f77v,5,1,14.4,14.4,1.0,1.0,0.8,UNSTABLE
f77v,6,11,10.31,24.42,1.0,1.0,0.6533,UNSTABLE
f77v,7,10,9.47,22.98,1.0,1.0,0.4473,UNSTABLE
f77v,8,10,10.55,21.92,1.0,1.0,0.6888,UNSTABLE
f77v,9,10,8.44,23.14,1.0,1.0,0.6188,UNSTABLE
f77v,10,11,7.51,16.68,1.0,1.0,0.6701,UNSTABLE
f77v,11,9,10.74,20.66,1.0,1.0,0.7119,UNSTABLE
f77v,12,11,7.73,17.25,1.0,1.0,0.6689,UNSTABLE
f77v,13,12,7.05,21.7,1.0,1.0,0.5949,UNSTABLE
f77v,14,10,7.73,13.38,1.0,1.0,0.7466,UNSTABLE
f77v,15,2,15.92,19.44,1.0,1.0,0.6914,UNSTABLE
f77v,16,8,10.37,19.43,1.0,1.0,0.7202,UNSTABLE
f77v,17,6,13.75,24.17,1.0,1.0,0.7413,UNSTABLE
f77v,18,7,9.98,16.15,1.0,1.0,0.7708,UNSTABLE
f77v,19,6,10.73,21.15,1.0,1.0,0.7044,UNSTABLE
f77v,20,5,12.2,18.49,1.0,1.0,0.7959,UNSTABLE
f77v,21,6,11.62,31.99,1.0,1.0,0.6179,UNSTABLE
f77v,22,8,7.71,14.35,1.0,1.0,0.7224,UNSTABLE
f77v,23,9,6.71,11.81,1.0,1.0,0.7409,UNSTABLE
f77v,24,8,11.37,20.59,1.0,1.0,0.7313,UNSTABLE
f77v,25,9,8.26,22.05,1.0,1.0,0.6248,UNSTABLE
f77v,26,9,9.36,19.44,1.0,1.0,0.6889,UNSTABLE
f77v,27,9,7.64,15.7,1.0,1.0,0.692,UNSTABLE
f77v,28,5,11.59,16.13,1.0,1.0,0.8311,UNSTABLE
f77v,29,9,8.09,18.0,1.0,1.0,0.4697,UNSTABLE
f77v,30,9,8.21,22.19,1.0,1.0,0.622,UNSTABLE
f77v,31,8,11.09,20.59,1.0,1.0,0.7232,UNSTABLE
f77v,32,6,18.05,30.21,1.0,1.0,0.7585,UNSTABLE
f77v,33,10,7.41,16.18,1.0,1.0,0.6748,UNSTABLE
f77v,34,8,7.76,17.21,1.0,1.0,0.6705,UNSTABLE
f77v,35,7,14.92,22.6,1.0,1.0,0.7961,UNSTABLE
f77v,36,9,10.06,19.02,1.0,1.0,0.7174,UNSTABLE
f77v,37,8,8.43,19.03,1.0,1.0,0.6658,UNSTABLE
f77v,38,7,11.8,19.18,1.0,1.0,0.7691,UNSTABLE
f77v,39,9,9.89,16.2,1.0,1.0,0.7663,UNSTABLE
f77v,40,9,10.07,22.68,1.0,1.0,0.6664,UNSTABLE
f77v,41,10,6.06,16.18,1.0,1.0,0.6247,UNSTABLE
f77v,42,6,12.19,20.72,1.0,1.0,0.753,UNSTABLE
f77v,43,1,8.4,8.4,1.0,1.0,0.8,UNSTABLE
f77v,44,1,10.8,10.8,1.0,1.0,0.6,UNSTABLE
f77v,45,1,8.4,8.4,1.0,1.0,0.6,UNSTABLE
f78r,1,1,16.8,16.8,1.0,1.0,0.6,UNSTABLE
f78r,2,1,13.2,13.2,1.0,1.0,0.6,UNSTABLE
f78r,3,6,12.71,24.17,1.0,1.0,0.7155,UNSTABLE
f78r,4,7,8.16,15.65,1.0,1.0,0.7128,UNSTABLE
f78r,5,7,9.03,19.38,1.0,1.0,0.6796,UNSTABLE
f78r,6,8,8.24,22.2,1.0,1.0,0.6227,UNSTABLE
f78r,7,8,13.12,19.03,1.0,1.0,0.8137,UNSTABLE
f78r,8,8,9.09,19.03,1.0,1.0,0.6866,UNSTABLE
f78r,9,8,9.9,19.43,1.0,1.0,0.7057,UNSTABLE
f78r,10,8,7.02,20.59,1.0,1.0,0.6046,UNSTABLE
f78r,11,8,9.96,22.2,1.0,1.0,0.6692,UNSTABLE
f78r,12,8,6.1,14.71,1.0,1.0,0.6488,UNSTABLE
f78r,13,7,15.27,41.19,1.0,1.0,0.6224,UNSTABLE
f78r,14,9,8.19,23.62,1.0,1.0,0.608,UNSTABLE
f78r,15,7,11.83,18.26,1.0,1.0,0.7887,UNSTABLE
f78r,16,6,8.45,15.11,1.0,1.0,0.7355,UNSTABLE
f78r,17,5,7.46,15.6,1.0,1.0,0.4869,UNSTABLE
f78r,18,5,9.17,16.13,1.0,1.0,0.7411,UNSTABLE
f78r,19,6,9.96,19.33,1.0,1.0,0.7092,UNSTABLE
f78r,20,3,14.2,25.91,1.0,1.0,0.7288,UNSTABLE
f78r,21,4,9.02,16.59,1.0,1.0,0.7262,UNSTABLE
f78r,22,5,8.5,16.13,1.0,1.0,0.7162,UNSTABLE
f78r,23,5,8.27,18.72,1.0,1.0,0.4651,UNSTABLE
f78r,24,5,12.59,19.44,1.0,1.0,0.7886,UNSTABLE
f78r,25,5,6.09,10.8,1.0,1.0,0.5383,UNSTABLE
f78r,26,5,9.07,12.14,1.0,1.0,0.6483,UNSTABLE
f78r,27,3,12.56,23.39,1.0,1.0,0.7222,UNSTABLE
f78r,28,8,10.18,20.59,1.0,1.0,0.6966,UNSTABLE
f78r,29,10,7.33,15.97,1.0,1.0,0.6754,UNSTABLE
f78r,30,9,8.39,15.12,1.0,1.0,0.7329,UNSTABLE
f78r,31,7,8.92,17.85,1.0,1.0,0.6998,UNSTABLE
f78r,32,9,8.42,17.48,1.0,1.0,0.689,UNSTABLE
f78r,33,8,8.8,19.43,1.0,1.0,0.6717,UNSTABLE
f78r,34,8,12.8,23.53,1.0,1.0,0.7264,UNSTABLE
f78r,35,9,7.47,18.9,1.0,1.0,0.6371,UNSTABLE
f78r,36,6,12.08,35.43,1.0,1.0,0.4046,UNSTABLE
f78r,37,7,4.27,8.97,1.0,1.0,0.4856,UNSTABLE
f78r,38,5,4.13,4.8,1.0,1.0,0.7163,UNSTABLE
f78r,39,4,12.16,19.36,1.0,1.0,0.7769,UNSTABLE
f78r,40,5,10.72,22.67,1.0,1.0,0.6837,UNSTABLE
f78r,41,5,7.53,19.44,1.0,1.0,0.6324,UNSTABLE
f78r,42,4,6.82,10.72,1.0,1.0,0.5817,UNSTABLE
f78r,43,4,12.05,22.14,1.0,1.0,0.7266,UNSTABLE
f78r,44,1,21.6,21.6,1.0,1.0,0.6,UNSTABLE
f78r,45,1,15.6,15.6,1.0,1.0,0.6,UNSTABLE
f78r,46,1,33.6,33.6,1.0,1.0,0.6,UNSTABLE
f78r,47,1,13.2,13.2,1.0,1.0,0.8,UNSTABLE
f78v,1,9,7.82,17.48,1.0,1.0,0.6684,UNSTABLE
f78v,2,10,6.44,15.32,1.0,1.0,0.6522,UNSTABLE
f78v,3,7,15.84,23.81,1.0,1.0,0.7992,UNSTABLE
f78v,4,7,10.56,22.88,1.0,1.0,0.4769,UNSTABLE
f78v,5,11,6.08,10.18,1.0,1.0,0.5583,UNSTABLE
f78v,6,9,11.42,22.15,1.0,1.0,0.7093,UNSTABLE
f78v,7,8,8.4,22.67,1.0,1.0,0.6223,UNSTABLE
f78v,8,9,9.79,22.68,1.0,1.0,0.659,UNSTABLE
f78v,9,6,15.2,19.33,1.0,1.0,0.8718,UNSTABLE
f78v,10,7,14.79,51.67,1.0,1.0,0.5717,UNSTABLE
f78v,11,10,7.85,16.26,1.0,1.0,0.6897,UNSTABLE
f78v,12,7,14.05,27.46,1.0,1.0,0.707,UNSTABLE
f78v,13,8,10.82,20.08,1.0,1.0,0.7233,UNSTABLE
f78v,14,7,13.14,32.29,1.0,1.0,0.6442,UNSTABLE
f78v,15,9,9.51,20.54,1.0,1.0,0.6778,UNSTABLE
f78v,16,8,7.43,15.66,1.0,1.0,0.6847,UNSTABLE
f78v,17,10,6.42,10.44,1.0,1.0,0.569,UNSTABLE
f78v,18,8,10.17,21.93,1.0,1.0,0.6782,UNSTABLE
f78v,19,7,7.06,13.64,1.0,1.0,0.7106,UNSTABLE
f78v,20,7,12.83,24.86,1.0,1.0,0.7097,UNSTABLE
f78v,21,8,5.71,15.66,1.0,1.0,0.6188,UNSTABLE
f78v,22,9,9.12,19.02,1.0,1.0,0.6877,UNSTABLE
f78v,23,7,14.46,24.71,1.0,1.0,0.7511,UNSTABLE
f78v,24,9,5.55,10.8,1.0,1.0,0.7083,UNSTABLE
f78v,25,10,10.03,31.94,1.0,1.0,0.3884,UNSTABLE
f78v,26,9,5.6,15.12,1.0,1.0,0.6222,UNSTABLE
f78v,27,11,4.29,8.48,1.0,1.0,0.5035,UNSTABLE
f78v,28,9,7.44,14.57,1.0,1.0,0.7064,UNSTABLE
f78v,29,11,4.19,8.62,1.0,1.0,0.6916,UNSTABLE
f78v,30,10,6.36,12.04,1.0,1.0,0.7169,UNSTABLE
f78v,31,7,6.26,10.68,1.0,1.0,0.7517,UNSTABLE
f78v,32,6,8.34,16.0,1.0,1.0,0.7127,UNSTABLE
f79r,1,8,6.87,16.19,1.0,1.0,0.6546,UNSTABLE
f79r,2,8,12.54,28.19,1.0,1.0,0.4669,UNSTABLE
f79r,3,9,10.46,20.4,1.0,1.0,0.7076,UNSTABLE
f79r,4,10,12.56,31.81,1.0,1.0,0.6369,UNSTABLE
f79r,5,9,10.45,17.45,1.0,1.0,0.7593,UNSTABLE
f79r,6,8,9.97,15.86,1.0,1.0,0.7772,UNSTABLE
f79r,7,10,9.39,18.06,1.0,1.0,0.712,UNSTABLE
f79r,8,9,8.81,14.57,1.0,1.0,0.7628,UNSTABLE
f79r,9,9,10.57,22.19,1.0,1.0,0.6858,UNSTABLE
f79r,10,8,13.28,28.19,1.0,1.0,0.6827,UNSTABLE
f79r,11,9,8.4,18.0,1.0,1.0,0.48,UNSTABLE
f79r,12,6,12.06,22.4,1.0,1.0,0.723,UNSTABLE
f79r,13,7,14.4,22.37,1.0,1.0,0.7862,UNSTABLE
f79r,14,9,9.73,15.75,1.0,1.0,0.7707,UNSTABLE
f79r,15,11,6.44,14.37,1.0,1.0,0.6689,UNSTABLE
f79r,16,9,8.79,17.71,1.0,1.0,0.6978,UNSTABLE
f79r,17,10,6.32,15.12,1.0,1.0,0.6508,UNSTABLE
f79r,18,8,10.28,20.59,1.0,1.0,0.6996,UNSTABLE
f79r,19,9,8.84,19.02,1.0,1.0,0.6789,UNSTABLE
f79r,20,7,8.68,13.23,1.0,1.0,0.5937,UNSTABLE
f79r,21,8,14.36,42.11,1.0,1.0,0.4046,UNSTABLE
f79r,22,8,8.86,21.93,1.0,1.0,0.6424,UNSTABLE
f79r,23,11,6.09,20.12,1.0,1.0,0.3816,UNSTABLE
f79r,24,8,13.57,23.53,1.0,1.0,0.746,UNSTABLE
f79r,25,7,13.11,23.81,1.0,1.0,0.7304,UNSTABLE
f79r,26,8,9.63,22.67,1.0,1.0,0.6549,UNSTABLE
f79r,27,10,6.48,15.12,1.0,1.0,0.6571,UNSTABLE
f79r,28,7,10.74,18.31,1.0,1.0,0.7519,UNSTABLE
f79r,29,9,9.68,15.85,1.0,1.0,0.7664,UNSTABLE
f79r,30,4,10.27,13.83,1.0,1.0,0.6456,UNSTABLE
f79r,31,7,9.2,16.15,1.0,1.0,0.5418,UNSTABLE
f79r,32,9,8.95,20.4,1.0,1.0,0.6632,UNSTABLE
f79r,33,8,10.37,31.56,1.0,1.0,0.5971,UNSTABLE
f79r,34,5,10.52,15.6,1.0,1.0,0.6046,UNSTABLE
f79r,35,7,10.52,20.83,1.0,1.0,0.703,UNSTABLE
f79r,36,10,6.33,10.79,1.0,1.0,0.552,UNSTABLE
f79r,37,7,10.22,18.42,1.0,1.0,0.7329,UNSTABLE
f79r,38,4,13.02,28.94,1.0,1.0,0.6699,UNSTABLE
f79r,39,7,9.2,13.04,1.0,1.0,0.8233,UNSTABLE
f79r,40,7,12.36,21.31,1.0,1.0,0.748,UNSTABLE
f79r,41,9,6.53,17.48,1.0,1.0,0.6241,UNSTABLE
f79r,42,8,8.01,23.26,1.0,1.0,0.4066,UNSTABLE
f79r,43,9,8.33,15.85,1.0,1.0,0.7153,UNSTABLE
f79r,44,4,12.19,23.22,1.0,1.0,0.715,UNSTABLE
f79v,1,6,11.55,21.15,1.0,1.0,0.5277,UNSTABLE
f79v,2,7,14.62,21.97,1.0,1.0,0.7993,UNSTABLE
f79v,3,7,14.61,25.83,1.0,1.0,0.7394,UNSTABLE
f79v,4,8,10.62,18.09,1.0,1.0,0.7522,UNSTABLE
f79v,5,8,11.15,18.79,1.0,1.0,0.756,UNSTABLE
f79v,6,8,7.54,19.43,1.0,1.0,0.6328,UNSTABLE
f79v,7,6,17.68,24.17,1.0,1.0,0.8389,UNSTABLE
f79v,8,8,11.28,20.08,1.0,1.0,0.7371,UNSTABLE
f79v,9,6,13.47,25.6,1.0,1.0,0.7157,UNSTABLE
f79v,10,6,12.01,22.55,1.0,1.0,0.7196,UNSTABLE
f79v,11,7,12.22,23.81,1.0,1.0,0.7079,UNSTABLE
f79v,12,8,15.51,22.2,1.0,1.0,0.8192,UNSTABLE
f79v,13,9,9.98,19.44,1.0,1.0,0.708,UNSTABLE
f79v,14,8,14.37,21.93,1.0,1.0,0.7932,UNSTABLE
f79v,15,7,12.28,18.26,1.0,1.0,0.8035,UNSTABLE
f79v,16,9,9.87,22.68,1.0,1.0,0.6611,UNSTABLE
f79v,17,10,8.13,22.36,1.0,1.0,0.6182,UNSTABLE
f79v,18,9,10.34,17.71,1.0,1.0,0.7503,UNSTABLE
f79v,19,8,13.54,25.85,1.0,1.0,0.7143,UNSTABLE
f79v,20,8,12.29,55.06,1.0,1.0,0.5339,UNSTABLE
f79v,21,9,6.72,12.83,1.0,1.0,0.7143,UNSTABLE
f79v,22,4,10.74,17.86,1.0,1.0,0.5608,UNSTABLE
f79v,23,8,11.25,19.03,1.0,1.0,0.7547,UNSTABLE
f79v,24,9,9.82,22.15,1.0,1.0,0.666,UNSTABLE
f79v,25,9,7.81,18.9,1.0,1.0,0.6479,UNSTABLE
f79v,26,8,7.95,16.19,1.0,1.0,0.6946,UNSTABLE
f79v,27,6,6.76,13.16,1.0,1.0,0.5082,UNSTABLE
f79v,28,8,10.82,17.65,1.0,1.0,0.7678,UNSTABLE
f79v,29,10,7.04,19.42,1.0,1.0,0.4175,UNSTABLE
f79v,30,7,12.72,26.78,1.0,1.0,0.685,UNSTABLE
f79v,31,8,8.12,22.67,1.0,1.0,0.6149,UNSTABLE
f79v,32,7,8.11,11.94,1.0,1.0,0.8075,UNSTABLE
f79v,33,9,10.55,28.53,1.0,1.0,0.6219,UNSTABLE
f79v,34,8,10.68,34.89,1.0,1.0,0.5837,UNSTABLE
f79v,35,11,4.94,8.34,1.0,1.0,0.7554,UNSTABLE
f79v,36,4,13.36,21.44,1.0,1.0,0.3739,UNSTABLE
f79v,37,8,10.82,17.44,1.0,1.0,0.7722,UNSTABLE
f79v,38,8,12.24,19.43,1.0,1.0,0.778,UNSTABLE
f79v,39,10,6.19,15.12,1.0,1.0,0.6456,UNSTABLE
f79v,40,10,9.76,19.17,1.0,1.0,0.7055,UNSTABLE
f79v,41,8,8.37,15.51,1.0,1.0,0.7238,UNSTABLE
f79v,42,5,14.76,29.47,1.0,1.0,0.7005,UNSTABLE
f80r,1,1,7.2,7.2,1.0,1.0,0.6,UNSTABLE
f80r,2,1,7.2,7.2,1.0,1.0,0.6,UNSTABLE
f80r,3,1,10.8,10.8,1.0,1.0,0.6,UNSTABLE
f80r,4,1,10.8,10.8,1.0,1.0,0.6,UNSTABLE
f80r,5,1,10.8,10.8,1.0,1.0,0.6,UNSTABLE
f80r,6,1,2.4,2.4,1.0,1.0,0.8,UNSTABLE
f80r,7,1,4.8,4.8,1.0,1.0,0.6,UNSTABLE
f80r,8,1,5.4,5.4,1.0,1.0,0.8,UNSTABLE
f80r,9,1,8.64,8.64,1.0,1.0,0.8,UNSTABLE
f80r,10,1,8.64,8.64,1.0,1.0,0.8,UNSTABLE
f80r,11,8,16.96,51.64,1.0,1.0,0.5971,UNSTABLE
f80r,12,10,13.38,19.17,1.0,1.0,0.8188,UNSTABLE
f80r,13,11,11.84,21.37,1.0,1.0,0.7324,UNSTABLE
f80r,14,12,8.92,19.36,1.0,1.0,0.6764,UNSTABLE
f80r,15,10,11.88,30.1,1.0,1.0,0.6368,UNSTABLE
f80r,16,11,9.98,19.46,1.0,1.0,0.7077,UNSTABLE
f80r,17,13,8.0,16.1,1.0,1.0,0.6981,UNSTABLE
f80r,18,11,11.37,22.62,1.0,1.0,0.7016,UNSTABLE
f80r,19,11,12.42,28.74,1.0,1.0,0.6593,UNSTABLE
f80r,20,10,11.14,25.92,1.0,1.0,0.6579,UNSTABLE
f80r,21,11,8.73,15.57,1.0,1.0,0.7364,UNSTABLE
f80r,22,11,10.46,28.03,1.0,1.0,0.6239,UNSTABLE
f80r,23,11,6.44,13.57,1.0,1.0,0.4847,UNSTABLE
f80r,24,12,6.95,12.71,1.0,1.0,0.5281,UNSTABLE
f80r,25,13,6.48,15.44,1.0,1.0,0.4518,UNSTABLE
f80r,26,11,9.02,16.99,1.0,1.0,0.7185,UNSTABLE
f80r,27,10,5.37,9.08,1.0,1.0,0.5548,UNSTABLE
f80r,28,9,9.93,15.75,1.0,1.0,0.7783,UNSTABLE
f80r,29,9,10.01,18.9,1.0,1.0,0.7178,UNSTABLE
f80r,30,8,10.42,19.03,1.0,1.0,0.7285,UNSTABLE
f80r,31,8,11.52,20.08,1.0,1.0,0.7442,UNSTABLE
f80r,32,8,9.49,18.79,1.0,1.0,0.703,UNSTABLE
f80r,33,8,10.25,15.66,1.0,1.0,0.7927,UNSTABLE
f80r,34,10,11.69,27.6,1.0,1.0,0.6541,UNSTABLE
f80r,35,11,9.93,18.32,1.0,1.0,0.7252,UNSTABLE
f80r,36,11,9.94,19.46,1.0,1.0,0.7065,UNSTABLE
f80r,37,11,9.25,19.46,1.0,1.0,0.6852,UNSTABLE
f80r,38,10,10.85,31.81,1.0,1.0,0.6047,UNSTABLE
f80r,39,8,10.07,19.38,1.0,1.0,0.7118,UNSTABLE
f80r,40,7,12.9,19.18,1.0,1.0,0.8035,UNSTABLE
f80r,41,8,7.16,15.86,1.0,1.0,0.6709,UNSTABLE
f80r,42,7,13.31,19.18,1.0,1.0,0.8164,UNSTABLE
f80r,43,8,10.91,17.21,1.0,1.0,0.7804,UNSTABLE
f80r,44,7,12.35,26.78,1.0,1.0,0.6767,UNSTABLE
f80r,45,8,9.57,19.43,1.0,1.0,0.6955,UNSTABLE
f80r,46,7,8.84,19.38,1.0,1.0,0.6737,UNSTABLE
f80r,47,8,11.25,19.03,1.0,1.0,0.7547,UNSTABLE
f80r,48,10,8.11,18.97,1.0,1.0,0.6565,UNSTABLE
f80r,49,9,9.37,19.43,1.0,1.0,0.6893,UNSTABLE
f80r,50,9,8.34,22.68,1.0,1.0,0.6206,UNSTABLE
f80r,51,10,5.68,10.44,1.0,1.0,0.7264,UNSTABLE
f80r,52,8,8.53,26.47,1.0,1.0,0.5934,UNSTABLE
f80r,53,7,8.23,15.98,1.0,1.0,0.709,UNSTABLE
f80v,1,6,15.71,35.19,1.0,1.0,0.6679,UNSTABLE
f80v,2,8,7.99,15.51,1.0,1.0,0.7091,UNSTABLE
f80v,3,7,11.4,20.87,1.0,1.0,0.7277,UNSTABLE
f80v,4,8,11.62,17.65,1.0,1.0,0.795,UNSTABLE
f80v,5,7,13.19,24.71,1.0,1.0,0.7203,UNSTABLE
f80v,6,9,9.12,22.19,1.0,1.0,0.6466,UNSTABLE
f80v,7,8,10.87,22.67,1.0,1.0,0.6877,UNSTABLE
f80v,8,8,14.23,21.93,1.0,1.0,0.7893,UNSTABLE
f80v,9,9,10.07,17.72,1.0,1.0,0.741,UNSTABLE
f80v,10,7,13.73,21.97,1.0,1.0,0.775,UNSTABLE
f80v,11,8,9.89,18.79,1.0,1.0,0.7158,UNSTABLE
f80v,12,7,10.39,17.85,1.0,1.0,0.7492,UNSTABLE
f80v,13,6,5.32,13.16,1.0,1.0,0.6426,UNSTABLE
f80v,14,9,11.65,25.36,1.0,1.0,0.6756,UNSTABLE
f80v,15,9,9.74,22.19,1.0,1.0,0.4634,UNSTABLE
f80v,16,10,8.19,16.26,1.0,1.0,0.7022,UNSTABLE
f80v,17,7,15.22,27.63,1.0,1.0,0.7305,UNSTABLE
f80v,18,6,10.08,23.68,1.0,1.0,0.6554,UNSTABLE
f80v,19,7,10.83,17.85,1.0,1.0,0.764,UNSTABLE
f80v,20,8,9.49,21.93,1.0,1.0,0.6596,UNSTABLE
f80v,21,7,9.89,15.98,1.0,1.0,0.7713,UNSTABLE
f80v,22,8,6.3,12.92,1.0,1.0,0.6926,UNSTABLE
f80v,23,9,12.38,25.2,1.0,1.0,0.6948,UNSTABLE
f80v,24,10,8.65,16.18,1.0,1.0,0.7208,UNSTABLE
f80v,25,9,10.07,22.19,1.0,1.0,0.6723,UNSTABLE
f80v,26,6,8.01,14.8,1.0,1.0,0.7247,UNSTABLE
f80v,27,10,8.45,19.42,1.0,1.0,0.6611,UNSTABLE
f80v,28,10,8.9,19.17,1.0,1.0,0.6786,UNSTABLE
f80v,29,5,8.01,13.87,1.0,1.0,0.7465,UNSTABLE
f80v,30,9,10.33,22.68,1.0,1.0,0.6733,UNSTABLE
f80v,31,8,8.47,18.79,1.0,1.0,0.6705,UNSTABLE
f80v,32,8,7.18,20.08,1.0,1.0,0.6145,UNSTABLE
f80v,33,8,11.18,18.79,1.0,1.0,0.757,UNSTABLE
f80v,34,8,8.29,10.8,1.0,1.0,0.6606,UNSTABLE
f80v,35,10,6.69,13.55,1.0,1.0,0.4962,UNSTABLE
f80v,36,9,6.11,12.83,1.0,1.0,0.4857,UNSTABLE
f80v,37,4,13.61,19.65,1.0,1.0,0.8156,UNSTABLE
f80v,38,9,7.35,11.41,1.0,1.0,0.5865,UNSTABLE
f80v,39,10,8.22,18.97,1.0,1.0,0.66,UNSTABLE
f80v,40,10,7.33,15.97,1.0,1.0,0.6754,UNSTABLE
f80v,41,8,9.26,17.21,1.0,1.0,0.7228,UNSTABLE
f80v,42,9,7.31,16.2,1.0,1.0,0.6707,UNSTABLE
f80v,43,8,7.05,19.43,1.0,1.0,0.4177,UNSTABLE
f80v,44,2,11.6,12.4,1.0,1.0,0.9613,STABLE (PASS)
f81r,1,7,8.92,15.65,1.0,1.0,0.742,UNSTABLE
f81r,2,7,8.81,15.98,1.0,1.0,0.7308,UNSTABLE
f81r,3,6,8.92,12.8,1.0,1.0,0.8181,UNSTABLE
f81r,4,6,8.64,15.84,1.0,1.0,0.7273,UNSTABLE
f81r,5,8,6.01,14.71,1.0,1.0,0.4451,UNSTABLE
f81r,6,6,8.05,19.2,1.0,1.0,0.6516,UNSTABLE
f81r,7,5,10.74,15.6,1.0,1.0,0.6131,UNSTABLE
f81r,8,6,9.07,16.11,1.0,1.0,0.7378,UNSTABLE
f81r,9,4,16.59,22.14,1.0,1.0,0.8496,UNSTABLE
f81r,10,6,7.23,19.2,1.0,1.0,0.4259,UNSTABLE
f81r,11,4,6.57,8.4,1.0,1.0,0.6693,UNSTABLE
f81r,12,6,6.84,19.2,1.0,1.0,0.6138,UNSTABLE
f81r,13,6,8.9,18.13,1.0,1.0,0.6945,UNSTABLE
f81r,14,5,12.23,24.2,1.0,1.0,0.7032,UNSTABLE
f81r,15,5,9.41,22.67,1.0,1.0,0.6491,UNSTABLE
f81r,16,6,11.62,18.49,1.0,1.0,0.7771,UNSTABLE
f81r,17,6,11.29,19.33,1.0,1.0,0.7504,UNSTABLE
f81r,18,6,6.36,19.2,1.0,1.0,0.5988,UNSTABLE
f81r,19,5,10.27,22.67,1.0,1.0,0.6718,UNSTABLE
f81r,20,7,9.04,19.18,1.0,1.0,0.6828,UNSTABLE
f81r,21,6,9.94,13.2,1.0,1.0,0.8518,UNSTABLE
f81r,22,8,6.78,15.66,1.0,1.0,0.6598,UNSTABLE
f81r,23,6,9.26,13.2,1.0,1.0,0.6209,UNSTABLE
f81r,24,6,10.37,25.77,1.0,1.0,0.4414,UNSTABLE
f81r,25,7,10.03,26.78,1.0,1.0,0.6247,UNSTABLE
f81r,26,7,7.7,13.04,1.0,1.0,0.7543,UNSTABLE
f81r,27,6,9.96,23.68,1.0,1.0,0.6524,UNSTABLE
f81r,28,7,8.3,15.12,1.0,1.0,0.7294,UNSTABLE
f81r,29,7,6.59,14.2,1.0,1.0,0.4785,UNSTABLE
f81r,30,7,7.4,17.85,1.0,1.0,0.6487,UNSTABLE
f81r,31,10,4.99,10.74,1.0,1.0,0.6788,UNSTABLE
f81v,1,9,7.01,11.07,1.0,1.0,0.5799,UNSTABLE
f81v,2,12,6.14,15.2,1.0,1.0,0.6424,UNSTABLE
f81v,3,9,6.58,15.75,1.0,1.0,0.6507,UNSTABLE
f81v,4,9,7.35,15.12,1.0,1.0,0.6917,UNSTABLE
f81v,5,9,8.96,19.44,1.0,1.0,0.6765,UNSTABLE
f81v,6,10,7.23,15.32,1.0,1.0,0.6832,UNSTABLE
f81v,7,8,9.57,25.37,1.0,1.0,0.6263,UNSTABLE
f81v,8,8,7.5,25.37,1.0,1.0,0.5774,UNSTABLE
f81v,9,6,9.64,14.8,1.0,1.0,0.7908,UNSTABLE
f81v,10,8,12.76,21.93,1.0,1.0,0.5491,UNSTABLE
f81v,11,11,9.17,15.25,1.0,1.0,0.5608,UNSTABLE
f81v,12,9,6.84,19.44,1.0,1.0,0.6111,UNSTABLE
f81v,13,10,9.04,18.4,1.0,1.0,0.4948,UNSTABLE
f81v,14,8,10.67,18.79,1.0,1.0,0.7407,UNSTABLE
f81v,15,9,9.02,25.36,1.0,1.0,0.6134,UNSTABLE
f81v,16,10,6.05,17.35,1.0,1.0,0.6092,UNSTABLE
f81v,17,9,9.68,25.92,1.0,1.0,0.6241,UNSTABLE
f81v,18,10,9.06,18.06,1.0,1.0,0.701,UNSTABLE
f81v,19,9,9.58,15.75,1.0,1.0,0.765,UNSTABLE
f81v,20,8,11.53,19.03,1.0,1.0,0.7635,UNSTABLE
f81v,21,9,8.04,15.85,1.0,1.0,0.7044,UNSTABLE
f81v,22,8,7.73,16.61,1.0,1.0,0.6792,UNSTABLE
f81v,23,9,7.14,14.26,1.0,1.0,0.7004,UNSTABLE
f81v,24,10,8.75,17.87,1.0,1.0,0.6938,UNSTABLE
f81v,25,8,13.85,40.17,1.0,1.0,0.4069,UNSTABLE
f81v,26,9,8.9,15.75,1.0,1.0,0.539,UNSTABLE
f81v,27,7,6.66,10.68,1.0,1.0,0.5742,UNSTABLE
f81v,28,2,5.93,8.86,1.0,1.0,0.6016,UNSTABLE
f82r,1,7,8.43,15.65,1.0,1.0,0.7232,UNSTABLE
f82r,2,7,12.91,20.87,1.0,1.0,0.7712,UNSTABLE
f82r,3,5,21.09,52.39,1.0,1.0,0.6415,UNSTABLE
f82r,4,7,13.4,19.53,1.0,1.0,0.8117,UNSTABLE
f82r,5,7,15.82,41.55,1.0,1.0,0.6284,UNSTABLE
f82r,6,9,9.12,18.32,1.0,1.0,0.6987,UNSTABLE
f82r,7,9,8.29,19.02,1.0,1.0,0.6615,UNSTABLE
f82r,8,9,10.67,17.48,1.0,1.0,0.7662,UNSTABLE
f82r,9,6,15.12,29.6,1.0,1.0,0.7065,UNSTABLE
f82r,10,1,15.6,15.6,1.0,1.0,0.6,UNSTABLE
f82r,11,7,15.9,33.77,1.0,1.0,0.6825,UNSTABLE
f82r,12,7,13.36,24.71,1.0,1.0,0.5244,UNSTABLE
f82r,13,8,11.12,20.59,1.0,1.0,0.724,UNSTABLE
f82r,14,8,12.0,20.08,1.0,1.0,0.7586,UNSTABLE
f82r,15,9,11.68,37.8,1.0,1.0,0.5854,UNSTABLE
f82r,16,11,6.9,20.12,1.0,1.0,0.6058,UNSTABLE
f82r,17,8,12.48,22.2,1.0,1.0,0.7373,UNSTABLE
f82r,18,9,8.73,17.71,1.0,1.0,0.6958,UNSTABLE
f82r,19,5,13.4,22.67,1.0,1.0,0.7547,UNSTABLE
f82r,20,8,8.91,15.51,1.0,1.0,0.7447,UNSTABLE
f82r,21,10,6.93,14.0,1.0,1.0,0.697,UNSTABLE
f82r,22,8,15.52,31.32,1.0,1.0,0.6973,UNSTABLE
f82r,23,9,9.53,23.62,1.0,1.0,0.6421,UNSTABLE
f82r,24,10,9.74,19.17,1.0,1.0,0.7049,UNSTABLE
f82r,25,10,8.75,22.36,1.0,1.0,0.4348,UNSTABLE
f82r,26,9,10.05,18.32,1.0,1.0,0.7291,UNSTABLE
f82r,27,8,11.85,22.2,1.0,1.0,0.7203,UNSTABLE
f82r,28,8,16.99,37.59,1.0,1.0,0.6712,UNSTABLE
f82r,29,9,11.79,25.36,1.0,1.0,0.6789,UNSTABLE
f82r,30,9,10.44,19.02,1.0,1.0,0.7293,UNSTABLE
f82r,31,9,7.46,17.71,1.0,1.0,0.6527,UNSTABLE
f82r,32,9,7.06,14.4,1.0,1.0,0.4942,UNSTABLE
f82r,33,5,8.59,12.14,1.0,1.0,0.6245,UNSTABLE
f82r,34,1,8.64,8.64,1.0,1.0,0.8,UNSTABLE
f82r,35,1,6.0,6.0,1.0,1.0,0.8,UNSTABLE
f82r,36,1,8.64,8.64,1.0,1.0,0.8,UNSTABLE
f82r,37,1,12.96,12.96,1.0,1.0,0.6,UNSTABLE
f82r,38,1,7.2,7.2,1.0,1.0,0.6,UNSTABLE
f82r,39,1,25.92,25.92,1.0,1.0,0.6,UNSTABLE
f82r,40,1,7.2,7.2,1.0,1.0,0.8,UNSTABLE
f82r,41,1,12.0,12.0,1.0,1.0,0.6,UNSTABLE
f82r,42,1,7.2,7.2,1.0,1.0,0.6,UNSTABLE
f82r,43,1,6.0,6.0,1.0,1.0,0.8,UNSTABLE
f82r,44,1,3.6,3.6,1.0,1.0,0.8,UNSTABLE
f82r,45,1,12.96,12.96,1.0,1.0,0.8,UNSTABLE
f82v,1,1,8.4,8.4,1.0,1.0,0.6,UNSTABLE
f82v,2,1,3.0,3.0,1.0,1.0,0.8,UNSTABLE
f82v,3,1,9.6,9.6,1.0,1.0,0.8,UNSTABLE
f82v,4,1,7.2,7.2,1.0,1.0,0.8,UNSTABLE
f82v,5,8,12.52,22.2,1.0,1.0,0.7384,UNSTABLE
f82v,6,8,9.22,14.71,1.0,1.0,0.7761,UNSTABLE
f82v,7,10,11.4,18.79,1.0,1.0,0.764,UNSTABLE
f82v,8,10,10.63,20.25,1.0,1.0,0.715,UNSTABLE
f82v,9,9,8.53,15.75,1.0,1.0,0.725,UNSTABLE
f82v,10,6,15.24,38.48,1.0,1.0,0.6376,UNSTABLE
f82v,11,11,8.66,17.25,1.0,1.0,0.7012,UNSTABLE
f82v,12,10,10.08,29.81,1.0,1.0,0.6029,UNSTABLE
f82v,13,8,12.85,19.43,1.0,1.0,0.7968,UNSTABLE
f82v,14,7,6.61,10.68,1.0,1.0,0.5713,UNSTABLE
f82v,15,10,8.35,18.79,1.0,1.0,0.6666,UNSTABLE
f82v,16,10,10.1,22.36,1.0,1.0,0.671,UNSTABLE
f82v,17,9,12.16,23.31,1.0,1.0,0.713,UNSTABLE
f82v,18,10,10.42,17.87,1.0,1.0,0.7499,UNSTABLE
f82v,19,8,9.25,17.99,1.0,1.0,0.7085,UNSTABLE
f82v,20,7,13.88,20.83,1.0,1.0,0.7998,UNSTABLE
f82v,21,9,11.41,20.4,1.0,1.0,0.7356,UNSTABLE
f82v,22,8,12.58,23.53,1.0,1.0,0.7208,UNSTABLE
f82v,23,7,11.79,24.56,1.0,1.0,0.488,UNSTABLE
f82v,24,7,12.33,22.88,1.0,1.0,0.7233,UNSTABLE
f82v,25,8,10.28,14.35,1.0,1.0,0.8298,UNSTABLE
f82v,26,9,8.8,15.5,1.0,1.0,0.7406,UNSTABLE
f82v,27,6,14.4,24.17,1.0,1.0,0.7575,UNSTABLE
f82v,28,8,11.93,22.2,1.0,1.0,0.7224,UNSTABLE
f82v,29,8,11.49,25.82,1.0,1.0,0.667,UNSTABLE
f82v,30,10,8.1,22.36,1.0,1.0,0.6174,UNSTABLE
f82v,31,7,16.96,54.92,1.0,1.0,0.5853,UNSTABLE
f82v,32,6,9.48,19.2,1.0,1.0,0.6963,UNSTABLE
f82v,33,10,8.29,21.92,1.0,1.0,0.6269,UNSTABLE
f82v,34,9,10.32,20.66,1.0,1.0,0.6997,UNSTABLE
f82v,35,10,9.32,19.42,1.0,1.0,0.688,UNSTABLE
f82v,36,8,12.32,21.93,1.0,1.0,0.7371,UNSTABLE
f82v,37,10,7.24,13.55,1.0,1.0,0.5206,UNSTABLE
f82v,38,4,12.31,22.14,1.0,1.0,0.7336,UNSTABLE
f82v,39,1,4.2,4.2,1.0,1.0,0.8,UNSTABLE
f82v,40,1,15.12,15.12,1.0,1.0,0.6,UNSTABLE
f82v,41,1,10.8,10.8,1.0,1.0,0.8,UNSTABLE
f82v,42,1,21.6,21.6,1.0,1.0,0.6,UNSTABLE
f82v,43,1,12.96,12.96,1.0,1.0,0.8,UNSTABLE
f82v,44,1,8.64,8.64,1.0,1.0,0.8,UNSTABLE
f82v,45,1,12.96,12.96,1.0,1.0,0.6,UNSTABLE
f82v,46,1,6.0,6.0,1.0,1.0,0.8,UNSTABLE
f82v,47,1,7.2,7.2,1.0,1.0,0.8,UNSTABLE
f82v,48,1,3.6,3.6,1.0,1.0,0.8,UNSTABLE
f83r,1,7,9.74,21.97,1.0,1.0,0.666,UNSTABLE
f83r,2,11,8.0,21.37,1.0,1.0,0.6246,UNSTABLE
f83r,3,10,8.0,18.97,1.0,1.0,0.653,UNSTABLE
f83r,4,9,7.88,17.48,1.0,1.0,0.6705,UNSTABLE
f83r,5,10,11.23,18.06,1.0,1.0,0.7731,UNSTABLE
f83r,6,9,10.58,22.68,1.0,1.0,0.6799,UNSTABLE
f83r,7,9,10.84,18.32,1.0,1.0,0.755,UNSTABLE
f83r,8,6,10.17,18.46,1.0,1.0,0.7306,UNSTABLE
f83r,9,8,11.97,29.9,1.0,1.0,0.6402,UNSTABLE
f83r,10,11,5.54,9.27,1.0,1.0,0.5586,UNSTABLE
f83r,11,10,8.82,20.25,1.0,1.0,0.6613,UNSTABLE
f83r,12,9,13.0,18.9,1.0,1.0,0.8127,UNSTABLE
f83r,13,9,7.87,19.02,1.0,1.0,0.6483,UNSTABLE
f83r,14,10,11.11,25.05,1.0,1.0,0.6661,UNSTABLE
f83r,15,8,10.9,22.95,1.0,1.0,0.685,UNSTABLE
f83r,16,8,10.02,18.79,1.0,1.0,0.72,UNSTABLE
f83r,17,6,9.62,14.8,1.0,1.0,0.59,UNSTABLE
f83r,18,9,8.53,20.66,1.0,1.0,0.6477,UNSTABLE
f83r,19,11,5.25,9.58,1.0,1.0,0.7288,UNSTABLE
f83r,20,9,12.02,18.9,1.0,1.0,0.7816,UNSTABLE
f83r,21,9,10.4,25.36,1.0,1.0,0.6461,UNSTABLE
f83r,22,9,9.6,28.53,1.0,1.0,0.6019,UNSTABLE
f83r,23,9,9.2,19.44,1.0,1.0,0.684,UNSTABLE
f83r,24,6,8.58,13.16,1.0,1.0,0.7912,UNSTABLE
f83r,25,6,12.16,19.33,1.0,1.0,0.7774,UNSTABLE
f83r,26,6,11.44,23.68,1.0,1.0,0.6899,UNSTABLE
f83r,27,5,8.37,21.57,1.0,1.0,0.6328,UNSTABLE
f83r,28,6,8.42,19.33,1.0,1.0,0.6614,UNSTABLE
f83r,29,5,8.95,12.33,1.0,1.0,0.4355,UNSTABLE
f83r,30,4,14.56,21.44,1.0,1.0,0.8075,UNSTABLE
f83r,31,3,20.54,32.39,1.0,1.0,0.5805,UNSTABLE
f83r,32,4,13.87,22.12,1.0,1.0,0.7762,UNSTABLE
f83r,33,5,8.05,16.2,1.0,1.0,0.6981,UNSTABLE
f83r,34,4,10.25,19.29,1.0,1.0,0.7188,UNSTABLE
f83r,35,5,10.42,18.49,1.0,1.0,0.7381,UNSTABLE
f83r,36,4,9.62,19.65,1.0,1.0,0.4937,UNSTABLE
f83r,37,5,6.6,16.2,1.0,1.0,0.6444,UNSTABLE
f83r,38,4,10.5,22.14,1.0,1.0,0.4846,UNSTABLE
f83r,39,4,8.78,12.96,1.0,1.0,0.8065,UNSTABLE
f83r,40,3,5.88,7.2,1.0,1.0,0.69,UNSTABLE
f83r,41,4,9.83,22.14,1.0,1.0,0.4664,UNSTABLE
f83r,42,6,5.46,11.75,1.0,1.0,0.4788,UNSTABLE
f83r,43,5,7.23,16.2,1.0,1.0,0.6678,UNSTABLE
f83r,44,2,9.49,14.17,1.0,1.0,0.8018,UNSTABLE
f83r,45,1,8.4,8.4,1.0,1.0,0.8,UNSTABLE
f83r,46,1,4.2,4.2,1.0,1.0,0.8,UNSTABLE
f83r,47,3,13.98,20.34,1.0,1.0,0.8124,UNSTABLE
f83r,48,5,5.73,9.0,1.0,1.0,0.582,UNSTABLE
f83r,49,3,7.61,14.39,1.0,1.0,0.5173,UNSTABLE
f83r,50,1,9.6,9.6,1.0,1.0,0.8,UNSTABLE
f83r,51,1,8.4,8.4,1.0,1.0,0.6,UNSTABLE
f83r,52,4,7.57,12.0,1.0,1.0,0.5785,UNSTABLE
f83r,53,4,9.17,15.81,1.0,1.0,0.548,UNSTABLE
f83r,54,5,4.36,7.2,1.0,1.0,0.7633,UNSTABLE
f83r,55,3,7.34,14.39,1.0,1.0,0.506,UNSTABLE
f83v,1,9,8.21,15.85,1.0,1.0,0.5108,UNSTABLE
f83v,2,10,9.95,22.66,1.0,1.0,0.6635,UNSTABLE
f83v,3,9,10.58,22.68,1.0,1.0,0.6799,UNSTABLE
f83v,4,9,12.75,22.19,1.0,1.0,0.7447,UNSTABLE
f83v,5,10,8.8,17.35,1.0,1.0,0.7043,UNSTABLE
f83v,6,10,9.59,23.34,1.0,1.0,0.6465,UNSTABLE
f83v,7,10,10.06,20.25,1.0,1.0,0.6981,UNSTABLE
f83v,8,5,15.48,28.09,1.0,1.0,0.7307,UNSTABLE
f83v,9,1,8.4,8.4,1.0,1.0,0.6,UNSTABLE
f83v,10,1,15.12,15.12,1.0,1.0,0.6,UNSTABLE
f83v,11,9,13.04,26.25,1.0,1.0,0.6981,UNSTABLE
f83v,12,11,9.58,21.37,1.0,1.0,0.669,UNSTABLE
f83v,13,12,7.52,17.28,1.0,1.0,0.6611,UNSTABLE
f83v,14,8,13.77,23.53,1.0,1.0,0.7511,UNSTABLE
f83v,15,10,9.29,18.79,1.0,1.0,0.6966,UNSTABLE
f83v,16,10,10.46,21.07,1.0,1.0,0.6979,UNSTABLE
f83v,17,9,13.57,22.15,1.0,1.0,0.7676,UNSTABLE
f83v,18,8,14.04,20.59,1.0,1.0,0.8091,UNSTABLE
f83v,19,9,14.21,20.54,1.0,1.0,0.8151,UNSTABLE
f83v,20,8,8.58,13.92,1.0,1.0,0.5698,UNSTABLE
f83v,21,5,11.86,18.82,1.0,1.0,0.7781,UNSTABLE
f83v,22,6,11.48,16.0,1.0,1.0,0.8305,UNSTABLE
f83v,23,6,12.52,22.55,1.0,1.0,0.7331,UNSTABLE
f83v,24,6,10.98,18.49,1.0,1.0,0.7563,UNSTABLE
f83v,25,8,7.17,14.95,1.0,1.0,0.6878,UNSTABLE
f83v,26,7,9.36,18.42,1.0,1.0,0.7049,UNSTABLE
f83v,27,6,9.75,22.55,1.0,1.0,0.6594,UNSTABLE
f83v,28,7,8.76,18.42,1.0,1.0,0.6853,UNSTABLE
f83v,29,6,8.4,14.32,1.0,1.0,0.752,UNSTABLE
f83v,30,5,12.4,18.72,1.0,1.0,0.7974,UNSTABLE
f83v,31,4,13.79,17.86,1.0,1.0,0.8633,UNSTABLE
f83v,32,6,8.2,16.0,1.0,1.0,0.7075,UNSTABLE
f83v,33,4,10.17,17.86,1.0,1.0,0.3417,UNSTABLE
f83v,34,1,12.96,12.96,1.0,1.0,0.6,UNSTABLE
f83v,35,1,12.96,12.96,1.0,1.0,1.0,STABLE (PASS)
f84r,1,1,12.0,12.0,1.0,1.0,0.8,UNSTABLE
f84r,2,2,7.11,10.63,1.0,1.0,0.6013,UNSTABLE
f84r,3,1,13.2,13.2,1.0,1.0,0.6,UNSTABLE
f84r,4,1,8.4,8.4,1.0,1.0,0.8,UNSTABLE
f84r,5,1,15.6,15.6,1.0,1.0,0.6,UNSTABLE
f84r,6,1,10.8,10.8,1.0,1.0,0.8,UNSTABLE
f84r,7,1,10.8,10.8,1.0,1.0,0.6,UNSTABLE
f84r,8,1,5.4,5.4,1.0,1.0,0.8,UNSTABLE
f84r,9,1,9.6,9.6,1.0,1.0,0.8,UNSTABLE
f84r,10,1,13.2,13.2,1.0,1.0,0.6,UNSTABLE
f84r,11,1,10.8,10.8,1.0,1.0,0.6,UNSTABLE
f84r,12,1,6.0,6.0,1.0,1.0,0.8,UNSTABLE
f84r,13,11,8.91,19.26,1.0,1.0,0.6776,UNSTABLE
f84r,14,13,6.28,12.01,1.0,1.0,0.7137,UNSTABLE
f84r,15,12,10.51,22.58,1.0,1.0,0.6793,UNSTABLE
f84r,16,8,8.63,14.35,1.0,1.0,0.7608,UNSTABLE
f84r,17,11,10.76,22.47,1.0,1.0,0.6873,UNSTABLE
f84r,18,12,8.15,17.16,1.0,1.0,0.685,UNSTABLE
f84r,19,8,12.56,22.2,1.0,1.0,0.7395,UNSTABLE
f84r,20,11,10.59,21.37,1.0,1.0,0.6973,UNSTABLE
f84r,21,9,14.11,34.65,1.0,1.0,0.6443,UNSTABLE
f84r,22,12,9.76,21.59,1.0,1.0,0.6712,UNSTABLE
f84r,23,13,8.14,21.76,1.0,1.0,0.6244,UNSTABLE
f84r,24,10,12.6,38.33,1.0,1.0,0.5972,UNSTABLE
f84r,25,11,8.07,20.33,1.0,1.0,0.6382,UNSTABLE
f84r,26,8,10.57,20.08,1.0,1.0,0.7158,UNSTABLE
f84r,27,10,7.89,15.6,1.0,1.0,0.5035,UNSTABLE
f84r,28,11,6.63,20.41,1.0,1.0,0.5949,UNSTABLE
f84r,29,11,7.64,15.12,1.0,1.0,0.7032,UNSTABLE
f84r,30,10,7.97,15.32,1.0,1.0,0.7121,UNSTABLE
f84r,31,12,6.5,16.13,1.0,1.0,0.6418,UNSTABLE
f84r,32,11,6.99,19.26,1.0,1.0,0.4178,UNSTABLE
f84r,33,8,9.57,19.38,1.0,1.0,0.6963,UNSTABLE
f84r,34,9,8.4,13.53,1.0,1.0,0.7725,UNSTABLE
f84r,35,8,7.75,17.99,1.0,1.0,0.6585,UNSTABLE
f84r,36,13,6.99,15.55,1.0,1.0,0.6697,UNSTABLE
f84r,37,6,12.64,22.4,1.0,1.0,0.7386,UNSTABLE
f84r,38,6,10.61,18.13,1.0,1.0,0.7511,UNSTABLE
f84r,39,6,9.29,20.72,1.0,1.0,0.669,UNSTABLE
f84r,40,6,9.53,16.11,1.0,1.0,0.7549,UNSTABLE
f84r,41,6,7.46,15.11,1.0,1.0,0.6962,UNSTABLE
f84r,42,6,13.55,19.2,1.0,1.0,0.8234,UNSTABLE
f84r,43,6,10.05,17.76,1.0,1.0,0.7395,UNSTABLE
f84r,44,6,10.04,16.11,1.0,1.0,0.7739,UNSTABLE
f84r,45,6,9.76,16.11,1.0,1.0,0.7635,UNSTABLE
f84r,46,6,11.41,23.68,1.0,1.0,0.6891,UNSTABLE
f84r,47,1,12.0,12.0,1.0,1.0,0.6,UNSTABLE
f84v,1,4,8.58,14.29,1.0,1.0,0.5603,UNSTABLE
f84v,2,4,12.65,25.72,1.0,1.0,0.4951,UNSTABLE
f84v,3,6,9.1,19.33,1.0,1.0,0.6825,UNSTABLE
f84v,4,6,10.67,15.84,1.0,1.0,0.8042,UNSTABLE
f84v,5,6,12.17,28.99,1.0,1.0,0.6519,UNSTABLE
f84v,6,5,13.42,28.09,1.0,1.0,0.6867,UNSTABLE
f84v,7,6,14.65,35.19,1.0,1.0,0.6498,UNSTABLE
f84v,8,6,13.82,21.15,1.0,1.0,0.7921,UNSTABLE
f84v,9,6,12.61,19.2,1.0,1.0,0.7941,UNSTABLE
f84v,10,7,12.33,22.37,1.0,1.0,0.7307,UNSTABLE
f84v,11,9,5.89,15.4,1.0,1.0,0.6295,UNSTABLE
f84v,12,9,8.78,19.44,1.0,1.0,0.671,UNSTABLE
f84v,13,10,8.61,19.17,1.0,1.0,0.6695,UNSTABLE
f84v,14,13,6.88,17.27,1.0,1.0,0.639,UNSTABLE
f84v,15,9,11.86,35.94,1.0,1.0,0.598,UNSTABLE
f84v,16,11,7.64,18.32,1.0,1.0,0.6502,UNSTABLE
f84v,17,11,6.66,13.9,1.0,1.0,0.6875,UNSTABLE
f84v,18,11,8.88,17.79,1.0,1.0,0.6995,UNSTABLE
f84v,19,10,9.44,16.18,1.0,1.0,0.7501,UNSTABLE
f84v,20,5,14.43,31.21,1.0,1.0,0.6774,UNSTABLE
f84v,21,9,8.76,17.61,1.0,1.0,0.4985,UNSTABLE
f84v,22,11,9.39,19.39,1.0,1.0,0.6906,UNSTABLE
f84v,23,6,9.29,17.77,1.0,1.0,0.7137,UNSTABLE
f84v,24,6,8.23,15.84,1.0,1.0,0.7117,UNSTABLE
f84v,25,5,14.0,32.39,1.0,1.0,0.6593,UNSTABLE
f84v,26,6,7.03,13.2,1.0,1.0,0.7195,UNSTABLE
f84v,27,6,7.85,25.77,1.0,1.0,0.5828,UNSTABLE
f84v,28,6,6.26,18.13,1.0,1.0,0.6072,UNSTABLE
f84v,29,6,8.54,18.13,1.0,1.0,0.6826,UNSTABLE
f84v,30,6,12.75,20.72,1.0,1.0,0.7692,UNSTABLE
f84v,31,7,5.69,7.18,1.0,1.0,0.8755,UNSTABLE
f84v,32,7,7.6,15.98,1.0,1.0,0.6854,UNSTABLE
f84v,33,8,10.34,17.65,1.0,1.0,0.7515,UNSTABLE
f84v,34,10,6.71,12.96,1.0,1.0,0.7106,UNSTABLE
f84v,35,9,6.69,14.57,1.0,1.0,0.6755,UNSTABLE
f84v,36,10,6.94,14.0,1.0,1.0,0.6974,UNSTABLE
f84v,37,9,10.39,19.44,1.0,1.0,0.7207,UNSTABLE
f84v,38,8,9.22,18.09,1.0,1.0,0.7058,UNSTABLE
f84v,39,9,7.35,12.6,1.0,1.0,0.55,UNSTABLE
f84v,40,7,10.05,15.98,1.0,1.0,0.7773,UNSTABLE
f84v,41,5,6.97,13.87,1.0,1.0,0.7015,UNSTABLE
f84v,42,1,8.64,8.64,1.0,1.0,0.8,UNSTABLE
f84v,43,1,8.4,8.4,1.0,1.0,0.8,UNSTABLE
f84v,44,1,8.4,8.4,1.0,1.0,0.6,UNSTABLE
f84v,45,1,3.6,3.6,1.0,1.0,0.8,UNSTABLE
f84v,46,1,12.96,12.96,1.0,1.0,0.6,UNSTABLE
f84v,47,1,8.4,8.4,1.0,1.0,0.6,UNSTABLE
f84v,48,1,10.8,10.8,1.0,1.0,0.6,UNSTABLE
f84v,49,1,7.2,7.2,1.0,1.0,0.6,UNSTABLE
f84v,50,1,9.6,9.6,1.0,1.0,0.6,UNSTABLE
f84v,51,1,3.6,3.6,1.0,1.0,0.8,UNSTABLE
f87r,1,7,8.23,14.4,1.0,1.0,0.7429,UNSTABLE
f87r,2,6,10.73,14.22,1.0,1.0,0.6527,UNSTABLE
f87r,3,7,9.04,15.98,1.0,1.0,0.5394,UNSTABLE
f87r,4,7,9.23,18.26,1.0,1.0,0.5033,UNSTABLE
f87r,5,8,6.67,13.07,1.0,1.0,0.7062,UNSTABLE
f87r,6,8,6.46,11.16,1.0,1.0,0.5473,UNSTABLE
f87r,7,6,12.68,35.55,1.0,1.0,0.414,UNSTABLE
f87r,8,5,6.78,10.8,1.0,1.0,0.5767,UNSTABLE
f87r,9,5,7.82,11.95,1.0,1.0,0.5926,UNSTABLE
f87r,10,5,11.5,21.84,1.0,1.0,0.5159,UNSTABLE
f87r,11,6,8.32,14.4,1.0,1.0,0.7467,UNSTABLE
f87r,12,5,11.39,13.2,1.0,1.0,0.7177,UNSTABLE
f87r,13,6,10.32,25.77,1.0,1.0,0.6403,UNSTABLE
f87r,14,6,11.73,32.56,1.0,1.0,0.6162,UNSTABLE
f87r,15,6,7.71,12.33,1.0,1.0,0.7752,UNSTABLE
f87r,16,3,12.69,17.99,1.0,1.0,0.6232,UNSTABLE
f87v,1,7,12.23,27.46,1.0,1.0,0.6672,UNSTABLE
f87v,2,5,13.0,21.57,1.0,1.0,0.3616,UNSTABLE
f87v,3,4,11.3,12.0,1.0,1.0,0.765,UNSTABLE
f87v,4,3,11.27,12.1,1.0,1.0,0.7588,UNSTABLE
f87v,5,4,9.31,13.18,1.0,1.0,0.6238,UNSTABLE
f87v,6,4,12.6,28.11,1.0,1.0,0.4689,UNSTABLE
f87v,7,4,17.75,24.6,1.0,1.0,0.8329,UNSTABLE
f87v,8,5,9.32,17.1,1.0,1.0,0.527,UNSTABLE
f87v,9,3,15.31,26.15,1.0,1.0,0.7513,UNSTABLE
f87v,10,3,23.96,48.58,1.0,1.0,0.4959,UNSTABLE
f87v,11,5,16.35,55.07,1.0,1.0,0.5781,UNSTABLE
f87v,12,6,10.97,26.84,1.0,1.0,0.4452,UNSTABLE
f87v,13,6,9.99,25.05,1.0,1.0,0.4393,UNSTABLE
f87v,14,5,8.35,15.41,1.0,1.0,0.5251,UNSTABLE
f87v,15,4,16.44,33.18,1.0,1.0,0.4973,UNSTABLE
f87v,16,3,14.47,24.21,1.0,1.0,0.7586,UNSTABLE
f88r,1,1,10.8,10.8,1.0,1.0,0.6,UNSTABLE
f88r,2,1,4.8,4.8,1.0,1.0,0.8,UNSTABLE
f88r,3,1,6.0,6.0,1.0,1.0,0.6,UNSTABLE
f88r,4,1,6.0,6.0,1.0,1.0,0.8,UNSTABLE
f88r,5,1,6.0,6.0,1.0,1.0,0.6,UNSTABLE
f88r,6,1,6.0,6.0,1.0,1.0,0.6,UNSTABLE
f88r,7,8,9.53,20.59,1.0,1.0,0.6777,UNSTABLE
f88r,8,9,8.52,15.75,1.0,1.0,0.7246,UNSTABLE
f88r,9,11,6.42,21.37,1.0,1.0,0.5803,UNSTABLE
f88r,10,9,8.52,13.53,1.0,1.0,0.7778,UNSTABLE
f88r,11,7,7.88,11.9,1.0,1.0,0.5973,UNSTABLE
f88r,12,1,7.2,7.2,1.0,1.0,0.6,UNSTABLE
f88r,13,1,4.8,4.8,1.0,1.0,0.8,UNSTABLE
f88r,14,1,4.8,4.8,1.0,1.0,0.6,UNSTABLE
f88r,15,1,8.64,8.64,1.0,1.0,0.8,UNSTABLE
f88r,16,1,7.2,7.2,1.0,1.0,0.6,UNSTABLE
f88r,17,1,6.0,6.0,1.0,1.0,0.6,UNSTABLE
f88r,18,7,9.79,15.6,1.0,1.0,0.5765,UNSTABLE
f88r,19,8,12.19,21.93,1.0,1.0,0.7335,UNSTABLE
f88r,20,9,6.0,15.4,1.0,1.0,0.6338,UNSTABLE
f88r,21,8,9.84,19.03,1.0,1.0,0.7102,UNSTABLE
f88r,22,6,9.94,23.03,1.0,1.0,0.659,UNSTABLE
f88r,23,1,10.8,10.8,1.0,1.0,0.8,UNSTABLE
f88r,24,1,8.4,8.4,1.0,1.0,0.8,UNSTABLE
f88r,25,1,7.2,7.2,1.0,1.0,0.6,UNSTABLE
f88r,26,6,10.66,16.45,1.0,1.0,0.5888,UNSTABLE
f88r,27,9,8.17,15.75,1.0,1.0,0.7112,UNSTABLE
f88r,28,8,6.96,9.69,1.0,1.0,0.831,UNSTABLE
f88r,29,7,10.34,16.15,1.0,1.0,0.7841,UNSTABLE
f88r,30,7,9.81,19.38,1.0,1.0,0.7037,UNSTABLE
f88r,31,6,9.76,22.4,1.0,1.0,0.4614,UNSTABLE
f88v,1,1,12.96,12.96,1.0,1.0,0.6,UNSTABLE
f88v,2,1,9.6,9.6,1.0,1.0,0.6,UNSTABLE
f88v,3,1,3.6,3.6,1.0,1.0,0.8,UNSTABLE
f88v,4,2,6.83,8.86,1.0,1.0,0.8625,UNSTABLE
f88v,5,1,7.2,7.2,1.0,1.0,0.8,UNSTABLE
f88v,6,6,10.37,13.43,1.0,1.0,0.6633,UNSTABLE
f88v,7,8,13.06,34.89,1.0,1.0,0.6246,UNSTABLE
f88v,8,9,10.98,22.05,1.0,1.0,0.4988,UNSTABLE
f88v,9,7,12.08,32.29,1.0,1.0,0.6245,UNSTABLE
f88v,10,3,14.56,28.79,1.0,1.0,0.5034,UNSTABLE
f88v,11,1,7.2,7.2,1.0,1.0,0.8,UNSTABLE
f88v,12,1,10.8,10.8,1.0,1.0,0.6,UNSTABLE
f88v,13,1,8.4,8.4,1.0,1.0,0.6,UNSTABLE
f88v,14,1,12.96,12.96,1.0,1.0,1.0,STABLE (PASS)
f88v,15,7,11.28,22.6,1.0,1.0,0.4995,UNSTABLE
f88v,16,9,10.92,22.05,1.0,1.0,0.6971,UNSTABLE
f88v,17,8,12.48,22.67,1.0,1.0,0.7303,UNSTABLE
f88v,18,8,10.47,18.79,1.0,1.0,0.7343,UNSTABLE
f88v,19,7,10.72,17.85,1.0,1.0,0.7603,UNSTABLE
f88v,20,5,14.44,26.4,1.0,1.0,0.5282,UNSTABLE
f88v,21,7,9.71,16.8,1.0,1.0,0.5468,UNSTABLE
f88v,22,7,10.55,30.2,1.0,1.0,0.6096,UNSTABLE
f88v,23,8,8.15,12.46,1.0,1.0,0.7925,UNSTABLE
f88v,24,8,9.04,21.93,1.0,1.0,0.6473,UNSTABLE
f88v,25,8,7.35,12.75,1.0,1.0,0.5459,UNSTABLE
f88v,26,4,6.45,10.72,1.0,1.0,0.761,UNSTABLE
f88v,27,1,9.6,9.6,1.0,1.0,0.8,UNSTABLE
f88v,28,1,8.4,8.4,1.0,1.0,0.6,UNSTABLE
f88v,29,1,8.4,8.4,1.0,1.0,0.6,UNSTABLE
f88v,30,1,13.2,13.2,1.0,1.0,0.6,UNSTABLE
f93r,1,8,13.22,25.06,1.0,1.0,0.7165,UNSTABLE
f93r,2,10,8.03,15.56,1.0,1.0,0.5096,UNSTABLE
f93r,3,8,10.92,27.1,1.0,1.0,0.4418,UNSTABLE
f93r,4,6,14.18,27.19,1.0,1.0,0.7129,UNSTABLE
f93r,5,6,8.78,16.0,1.0,1.0,0.7292,UNSTABLE
f93r,6,6,5.29,11.51,1.0,1.0,0.4758,UNSTABLE
f93r,7,5,4.67,8.1,1.0,1.0,0.7459,UNSTABLE
f93r,8,4,7.06,13.2,1.0,1.0,0.5209,UNSTABLE
f93r,9,3,16.14,23.24,1.0,1.0,0.6167,UNSTABLE
f93r,10,5,7.64,10.4,1.0,1.0,0.6408,UNSTABLE
f93r,11,5,9.27,12.6,1.0,1.0,0.6414,UNSTABLE
f93r,12,4,12.9,22.14,1.0,1.0,0.7496,UNSTABLE
f93r,13,3,11.61,17.43,1.0,1.0,0.5997,UNSTABLE
f93r,14,4,10.29,22.14,1.0,1.0,0.4789,UNSTABLE
f93r,15,4,8.25,12.5,1.0,1.0,0.596,UNSTABLE
f93r,16,3,10.84,14.53,1.0,1.0,0.8476,UNSTABLE
f93r,17,3,10.33,23.39,1.0,1.0,0.465,UNSTABLE
f93r,18,3,7.55,9.0,1.0,1.0,0.7033,UNSTABLE
f93r,19,4,5.4,10.72,1.0,1.0,0.7022,UNSTABLE
f93r,20,3,8.29,9.6,1.0,1.0,0.7181,UNSTABLE
f93r,21,4,6.21,10.72,1.0,1.0,0.7476,UNSTABLE
f93r,22,4,6.04,10.54,1.0,1.0,0.7438,UNSTABLE
f93r,23,4,7.79,11.06,1.0,1.0,0.6226,UNSTABLE
f93r,24,3,10.03,10.8,1.0,1.0,0.7572,UNSTABLE
f93r,25,3,7.43,9.68,1.0,1.0,0.6605,UNSTABLE
f93r,26,3,5.59,8.07,1.0,1.0,0.6156,UNSTABLE
f93r,27,4,8.68,12.5,1.0,1.0,0.8166,UNSTABLE
f93r,28,4,4.49,7.03,1.0,1.0,0.5832,UNSTABLE
f93r,29,4,9.51,17.86,1.0,1.0,0.5195,UNSTABLE
f93r,30,3,10.41,17.43,1.0,1.0,0.7583,UNSTABLE
f93r,31,4,7.01,10.72,1.0,1.0,0.5924,UNSTABLE
f93r,32,3,9.23,14.39,1.0,1.0,0.5849,UNSTABLE
f93v,1,7,16.65,39.47,1.0,1.0,0.4531,UNSTABLE
f93v,2,6,21.44,42.66,1.0,1.0,0.5015,UNSTABLE
f93v,3,7,15.05,42.63,1.0,1.0,0.4118,UNSTABLE
f93v,4,7,16.88,46.04,1.0,1.0,0.62,UNSTABLE
f93v,5,8,11.82,20.59,1.0,1.0,0.5444,UNSTABLE
f93v,6,8,13.91,26.47,1.0,1.0,0.5153,UNSTABLE
f93v,7,7,10.9,19.22,1.0,1.0,0.7403,UNSTABLE
f93v,8,9,11.68,22.96,1.0,1.0,0.5052,UNSTABLE
f93v,9,7,15.43,36.61,1.0,1.0,0.4529,UNSTABLE
f93v,10,4,9.32,19.65,1.0,1.0,0.4846,UNSTABLE
f94r,1,8,9.17,29.15,1.0,1.0,0.3887,UNSTABLE
f94r,2,11,9.08,17.25,1.0,1.0,0.7158,UNSTABLE
f94r,3,9,11.81,26.57,1.0,1.0,0.6667,UNSTABLE
f94r,4,8,7.77,15.23,1.0,1.0,0.5061,UNSTABLE
f94r,5,9,8.5,26.17,1.0,1.0,0.5949,UNSTABLE
f94r,6,10,6.87,20.25,1.0,1.0,0.6036,UNSTABLE
f94r,7,8,7.63,29.58,1.0,1.0,0.3548,UNSTABLE
f94r,8,7,13.22,38.75,1.0,1.0,0.6047,UNSTABLE
f94r,9,2,14.26,17.72,1.0,1.0,0.4828,UNSTABLE
f94v,1,7,13.64,25.58,1.0,1.0,0.7199,UNSTABLE
f94v,2,6,11.36,23.68,1.0,1.0,0.4878,UNSTABLE
f94v,3,6,11.25,30.42,1.0,1.0,0.6219,UNSTABLE
f94v,4,5,13.15,22.67,1.0,1.0,0.748,UNSTABLE
f94v,5,6,19.01,54.39,1.0,1.0,0.6097,UNSTABLE
f94v,6,9,7.96,16.2,1.0,1.0,0.6948,UNSTABLE
f94v,7,3,14.55,32.39,1.0,1.0,0.4695,UNSTABLE
f94v,8,7,11.05,21.53,1.0,1.0,0.7079,UNSTABLE
f94v,9,9,11.46,34.2,1.0,1.0,0.6011,UNSTABLE
f94v,10,8,12.47,28.79,1.0,1.0,0.4599,UNSTABLE
f94v,11,8,10.53,19.79,1.0,1.0,0.7193,UNSTABLE
f94v,12,5,11.54,28.09,1.0,1.0,0.6465,UNSTABLE
f96r,1,7,8.66,17.76,1.0,1.0,0.4926,UNSTABLE
f96r,2,7,11.58,24.56,1.0,1.0,0.6829,UNSTABLE
f96r,3,7,8.7,14.49,1.0,1.0,0.5602,UNSTABLE
f96r,4,8,5.72,12.75,1.0,1.0,0.4692,UNSTABLE
f96r,5,7,8.04,18.42,1.0,1.0,0.6619,UNSTABLE
f96r,6,7,6.56,12.43,1.0,1.0,0.5167,UNSTABLE
f96r,7,7,6.57,14.35,1.0,1.0,0.4747,UNSTABLE
f96r,8,6,10.71,22.55,1.0,1.0,0.685,UNSTABLE
f96r,9,6,9.51,16.11,1.0,1.0,0.5542,UNSTABLE
f96r,10,5,11.22,13.87,1.0,1.0,0.6854,UNSTABLE
f96r,11,5,18.55,58.31,1.0,1.0,0.5909,UNSTABLE
f96r,12,4,17.3,50.02,1.0,1.0,0.4075,UNSTABLE
f96r,13,2,20.74,31.89,1.0,1.0,0.3902,UNSTABLE
f96v,1,6,13.48,26.41,1.0,1.0,0.5062,UNSTABLE
f96v,2,4,20.27,58.95,1.0,1.0,0.4063,UNSTABLE
f96v,3,5,13.61,41.39,1.0,1.0,0.5973,UNSTABLE
f96v,4,4,12.15,19.65,1.0,1.0,0.571,UNSTABLE
f96v,5,5,8.82,13.7,1.0,1.0,0.7863,UNSTABLE
f96v,6,4,7.93,10.54,1.0,1.0,0.6514,UNSTABLE
f96v,7,2,15.71,23.03,1.0,1.0,0.6093,UNSTABLE
f96v,8,3,9.23,10.8,1.0,1.0,0.9128,UNSTABLE
f96v,9,3,5.91,8.1,1.0,1.0,0.6378,UNSTABLE
f96v,10,4,6.43,8.93,1.0,1.0,0.632,UNSTABLE
f96v,11,4,8.75,14.29,1.0,1.0,0.5674,UNSTABLE
f96v,12,3,6.97,11.3,1.0,1.0,0.5701,UNSTABLE
f96v,13,2,10.69,14.17,1.0,1.0,0.6526,UNSTABLE
f99r,1,1,16.8,16.8,1.0,1.0,0.6,UNSTABLE
f99r,2,1,14.4,14.4,1.0,1.0,0.6,UNSTABLE
f99r,3,1,12.0,12.0,1.0,1.0,0.8,UNSTABLE
f99r,4,1,9.6,9.6,1.0,1.0,0.6,UNSTABLE
f99r,5,1,10.8,10.8,1.0,1.0,0.6,UNSTABLE
f99r,6,1,9.6,9.6,1.0,1.0,0.6,UNSTABLE
f99r,7,1,4.8,4.8,1.0,1.0,0.8,UNSTABLE
f99r,8,1,5.4,5.4,1.0,1.0,0.8,UNSTABLE
f99r,9,1,12.0,12.0,1.0,1.0,0.8,UNSTABLE
f99r,10,1,13.2,13.2,1.0,1.0,0.8,UNSTABLE
f99r,11,1,12.0,12.0,1.0,1.0,0.6,UNSTABLE
f99r,12,1,12.0,12.0,1.0,1.0,0.6,UNSTABLE
f99r,13,1,13.2,13.2,1.0,1.0,0.8,UNSTABLE
f99r,14,1,13.2,13.2,1.0,1.0,0.6,UNSTABLE
f99r,15,9,8.02,12.0,1.0,1.0,0.601,UNSTABLE
f99r,16,9,9.03,15.85,1.0,1.0,0.7418,UNSTABLE
f99r,17,10,7.01,16.34,1.0,1.0,0.6574,UNSTABLE
f99r,18,10,8.28,16.26,1.0,1.0,0.7055,UNSTABLE
f99r,19,1,14.4,14.4,1.0,1.0,0.8,UNSTABLE
f99r,20,1,12.0,12.0,1.0,1.0,0.6,UNSTABLE
f99r,21,1,12.0,12.0,1.0,1.0,0.6,UNSTABLE
f99r,22,1,16.8,16.8,1.0,1.0,0.6,UNSTABLE
f99r,23,1,12.0,12.0,1.0,1.0,0.6,UNSTABLE
f99r,24,1,9.6,9.6,1.0,1.0,0.6,UNSTABLE
f99r,25,1,14.4,14.4,1.0,1.0,0.6,UNSTABLE
f99r,26,1,14.4,14.4,1.0,1.0,0.6,UNSTABLE
f99r,27,1,16.8,16.8,1.0,1.0,0.6,UNSTABLE
f99r,28,9,8.62,14.76,1.0,1.0,0.7504,UNSTABLE
f99r,29,10,10.42,15.97,1.0,1.0,0.7915,UNSTABLE
f99r,30,8,15.74,19.43,1.0,1.0,0.8861,UNSTABLE
f99r,31,6,13.97,23.68,1.0,1.0,0.554,UNSTABLE
f99r,32,1,15.6,15.6,1.0,1.0,0.6,UNSTABLE
f99r,33,1,12.0,12.0,1.0,1.0,0.8,UNSTABLE
f99r,34,1,13.2,13.2,1.0,1.0,0.6,UNSTABLE
f99r,35,1,9.6,9.6,1.0,1.0,0.8,UNSTABLE
f99r,36,1,20.4,20.4,1.0,1.0,0.6,UNSTABLE
f99r,37,1,15.6,15.6,1.0,1.0,0.6,UNSTABLE
f99r,38,1,13.2,13.2,1.0,1.0,0.6,UNSTABLE
f99r,39,1,10.8,10.8,1.0,1.0,0.6,UNSTABLE
f99r,40,1,9.6,9.6,1.0,1.0,0.8,UNSTABLE
f99r,41,9,9.96,23.55,1.0,1.0,0.4538,UNSTABLE
f99r,42,10,8.41,21.92,1.0,1.0,0.6302,UNSTABLE
f99r,43,11,7.16,16.68,1.0,1.0,0.6576,UNSTABLE
f99r,44,10,7.52,10.8,1.0,1.0,0.8178,UNSTABLE
f99r,45,1,15.6,15.6,1.0,1.0,0.6,UNSTABLE
f99r,46,1,15.6,15.6,1.0,1.0,0.6,UNSTABLE
f99r,47,2,11.91,13.2,1.0,1.0,0.5414,UNSTABLE
f99r,48,7,13.96,42.97,1.0,1.0,0.3949,UNSTABLE
f99r,49,9,9.84,22.19,1.0,1.0,0.6661,UNSTABLE
f99r,50,9,11.02,19.44,1.0,1.0,0.7401,UNSTABLE
f99r,51,7,10.48,15.35,1.0,1.0,0.6096,UNSTABLE
f99r,52,3,10.41,23.39,1.0,1.0,0.467,UNSTABLE
f99v,1,1,15.6,15.6,1.0,1.0,0.6,UNSTABLE
f99v,2,1,14.4,14.4,1.0,1.0,0.6,UNSTABLE
f99v,3,1,18.0,18.0,1.0,1.0,0.6,UNSTABLE
f99v,4,1,10.8,10.8,1.0,1.0,0.6,UNSTABLE
f99v,5,1,16.8,16.8,1.0,1.0,0.6,UNSTABLE
f99v,6,1,12.0,12.0,1.0,1.0,0.6,UNSTABLE
f99v,7,1,12.0,12.0,1.0,1.0,0.6,UNSTABLE
f99v,8,1,12.0,12.0,1.0,1.0,0.8,UNSTABLE
f99v,9,1,13.2,13.2,1.0,1.0,0.6,UNSTABLE
f99v,10,9,10.53,28.35,1.0,1.0,0.4229,UNSTABLE
f99v,11,7,18.42,58.13,1.0,1.0,0.5901,UNSTABLE
f99v,12,8,10.6,26.1,1.0,1.0,0.6437,UNSTABLE
f99v,13,4,14.85,17.86,1.0,1.0,0.6989,UNSTABLE
f99v,14,1,18.0,18.0,1.0,1.0,0.6,UNSTABLE
f99v,15,1,18.0,18.0,1.0,1.0,0.6,UNSTABLE
f99v,16,1,15.6,15.6,1.0,1.0,0.6,UNSTABLE
f99v,17,1,12.0,12.0,1.0,1.0,0.6,UNSTABLE
f99v,18,1,14.4,14.4,1.0,1.0,0.6,UNSTABLE
f99v,19,1,15.6,15.6,1.0,1.0,0.8,UNSTABLE
f99v,20,1,13.2,13.2,1.0,1.0,0.6,UNSTABLE
f99v,21,9,9.06,17.97,1.0,1.0,0.5025,UNSTABLE
f99v,22,10,9.85,19.17,1.0,1.0,0.7083,UNSTABLE
f99v,23,9,14.57,22.68,1.0,1.0,0.7854,UNSTABLE
f99v,24,5,19.38,46.81,1.0,1.0,0.6484,UNSTABLE
f99v,25,1,18.0,18.0,1.0,1.0,0.6,UNSTABLE
f99v,26,1,15.6,15.6,1.0,1.0,0.6,UNSTABLE
f99v,27,1,12.0,12.0,1.0,1.0,0.8,UNSTABLE
f99v,28,2,5.96,6.6,1.0,1.0,0.7418,UNSTABLE
f99v,29,1,7.8,7.8,1.0,1.0,0.8,UNSTABLE
f99v,30,1,12.0,12.0,1.0,1.0,0.6,UNSTABLE
f99v,31,1,14.4,14.4,1.0,1.0,0.8,UNSTABLE
f99v,32,8,15.25,37.37,1.0,1.0,0.6448,UNSTABLE
f99v,33,9,14.37,23.62,1.0,1.0,0.765,UNSTABLE
f99v,34,10,9.58,21.92,1.0,1.0,0.6622,UNSTABLE
f99v,35,5,13.38,28.09,1.0,1.0,0.4858,UNSTABLE
f99v,36,1,15.6,15.6,1.0,1.0,0.8,UNSTABLE
f99v,37,4,20.3,33.6,1.0,1.0,0.7625,UNSTABLE
f99v,38,6,13.56,21.38,1.0,1.0,0.7805,UNSTABLE
f99v,39,5,18.02,53.05,1.0,1.0,0.6038,UNSTABLE
f99v,40,6,13.16,38.48,1.0,1.0,0.6052,UNSTABLE
f99v,41,5,14.47,29.47,1.0,1.0,0.6946,UNSTABLE
f99v,42,7,13.3,26.91,1.0,1.0,0.4965,UNSTABLE
f99v,43,1,21.6,21.6,1.0,1.0,0.6,UNSTABLE
f99v,44,1,19.2,19.2,1.0,1.0,0.8,UNSTABLE
f100r,1,1,20.4,20.4,1.0,1.0,0.8,UNSTABLE
f100r,2,1,19.2,19.2,1.0,1.0,0.6,UNSTABLE
f100r,3,1,13.2,13.2,1.0,1.0,0.8,UNSTABLE
f100r,4,1,20.4,20.4,1.0,1.0,0.6,UNSTABLE
f100r,5,1,28.8,28.8,1.0,1.0,0.6,UNSTABLE
f100r,6,1,18.0,18.0,1.0,1.0,0.6,UNSTABLE
f100r,7,1,8.4,8.4,1.0,1.0,0.8,UNSTABLE
f100r,8,1,13.2,13.2,1.0,1.0,0.6,UNSTABLE
f100r,9,1,13.2,13.2,1.0,1.0,0.8,UNSTABLE
f100r,10,1,15.6,15.6,1.0,1.0,0.6,UNSTABLE
f100r,11,1,13.2,13.2,1.0,1.0,0.8,UNSTABLE
f100r,12,9,15.54,36.0,1.0,1.0,0.459,UNSTABLE
f100r,13,8,9.35,17.65,1.0,1.0,0.7178,UNSTABLE
f100r,14,10,11.72,22.66,1.0,1.0,0.7103,UNSTABLE
f100r,15,7,11.1,24.56,1.0,1.0,0.6712,UNSTABLE
f100r,16,2,15.14,19.49,1.0,1.0,0.6661,UNSTABLE
f100r,17,1,16.8,16.8,1.0,1.0,0.6,UNSTABLE
f100r,18,2,13.37,15.94,1.0,1.0,0.7033,UNSTABLE
f100r,19,1,15.6,15.6,1.0,1.0,0.8,UNSTABLE
f100r,20,1,13.2,13.2,1.0,1.0,0.8,UNSTABLE
f100r,21,1,13.2,13.2,1.0,1.0,0.8,UNSTABLE
f100r,22,7,13.28,19.84,1.0,1.0,0.6016,UNSTABLE
f100r,23,12,7.03,22.54,1.0,1.0,0.5871,UNSTABLE
f100r,24,9,9.26,23.31,1.0,1.0,0.4384,UNSTABLE
f100r,25,10,8.28,12.42,1.0,1.0,0.8,UNSTABLE
f100r,26,10,8.83,18.06,1.0,1.0,0.6934,UNSTABLE
f100r,27,5,10.53,19.07,1.0,1.0,0.7313,UNSTABLE
f100v,1,1,14.4,14.4,1.0,1.0,0.6,UNSTABLE
f100v,2,1,13.2,13.2,1.0,1.0,0.8,UNSTABLE
f100v,3,1,7.2,7.2,1.0,1.0,0.8,UNSTABLE
f100v,4,1,13.2,13.2,1.0,1.0,0.6,UNSTABLE
f100v,5,1,16.8,16.8,1.0,1.0,0.8,UNSTABLE
f100v,6,1,18.0,18.0,1.0,1.0,0.6,UNSTABLE
f100v,7,1,14.4,14.4,1.0,1.0,0.6,UNSTABLE
f100v,8,1,13.2,13.2,1.0,1.0,0.6,UNSTABLE
f100v,9,1,13.2,13.2,1.0,1.0,0.6,UNSTABLE
f100v,10,1,7.8,7.8,1.0,1.0,0.8,UNSTABLE
f100v,11,1,14.4,14.4,1.0,1.0,0.8,UNSTABLE
f100v,12,1,15.6,15.6,1.0,1.0,0.8,UNSTABLE
f100v,13,2,12.2,12.4,1.0,1.0,0.7903,UNSTABLE
f100v,14,9,11.03,30.0,1.0,1.0,0.6206,UNSTABLE
f100v,15,10,9.02,25.56,1.0,1.0,0.6117,UNSTABLE
f100v,16,10,9.4,15.97,1.0,1.0,0.5532,UNSTABLE
f100v,17,8,10.35,17.65,1.0,1.0,0.7518,UNSTABLE
f100v,18,11,6.07,12.24,1.0,1.0,0.6975,UNSTABLE
f100v,19,8,8.99,14.1,1.0,1.0,0.5826,UNSTABLE
f100v,20,8,10.58,17.65,1.0,1.0,0.7597,UNSTABLE
f100v,21,10,7.79,12.04,1.0,1.0,0.7882,UNSTABLE
f100v,22,3,8.49,14.39,1.0,1.0,0.754,UNSTABLE
f101r,1,20,7.3,21.23,1.0,1.0,0.4063,UNSTABLE
f101r,2,20,7.77,25.5,1.0,1.0,0.5828,UNSTABLE
f101r,3,23,7.38,26.4,1.0,1.0,0.5677,UNSTABLE
f101r,4,21,7.58,22.51,1.0,1.0,0.602,UNSTABLE
f101r,5,23,6.43,22.14,1.0,1.0,0.5743,UNSTABLE
f101r,6,17,7.54,22.67,1.0,1.0,0.5996,UNSTABLE
f101r,7,19,6.61,10.97,1.0,1.0,0.7615,UNSTABLE
f101r,8,23,5.08,14.12,1.0,1.0,0.6159,UNSTABLE
f101r,9,22,6.75,22.29,1.0,1.0,0.5817,UNSTABLE
f101r,10,20,5.14,9.7,1.0,1.0,0.5179,UNSTABLE
f101v,1,1,13.2,13.2,1.0,1.0,0.6,UNSTABLE
f101v,2,1,7.2,7.2,1.0,1.0,0.6,UNSTABLE
f101v,3,1,4.8,4.8,1.0,1.0,1.0,STABLE (PASS)
f101v,4,1,4.8,4.8,1.0,1.0,0.8,UNSTABLE
f101v,5,1,3.0,3.0,1.0,1.0,0.8,UNSTABLE
f101v,6,1,4.8,4.8,1.0,1.0,0.8,UNSTABLE
f101v,7,1,7.2,7.2,1.0,1.0,0.8,UNSTABLE
f101v,8,1,10.8,10.8,1.0,1.0,0.6,UNSTABLE
f101v,9,1,7.2,7.2,1.0,1.0,0.6,UNSTABLE
f101v,10,1,8.64,8.64,1.0,1.0,0.8,UNSTABLE
f101v,11,1,4.8,4.8,1.0,1.0,1.0,STABLE (PASS)
f101v,12,1,7.2,7.2,1.0,1.0,0.8,UNSTABLE
f101v,13,1,7.2,7.2,1.0,1.0,0.6,UNSTABLE
f101v,14,1,7.2,7.2,1.0,1.0,0.6,UNSTABLE
f101v,15,1,3.0,3.0,1.0,1.0,0.8,UNSTABLE
f101v,16,1,7.2,7.2,1.0,1.0,0.6,UNSTABLE
f101v,17,1,2.4,2.4,1.0,1.0,0.8,UNSTABLE
f101v,18,1,7.2,7.2,1.0,1.0,0.8,UNSTABLE
f101v,19,13,8.59,31.99,1.0,1.0,0.3611,UNSTABLE
f101v,20,24,4.67,13.02,1.0,1.0,0.6152,UNSTABLE
f101v,21,13,8.08,14.4,1.0,1.0,0.5367,UNSTABLE
f101v,22,19,7.36,15.91,1.0,1.0,0.4776,UNSTABLE
f101v,23,21,6.98,18.28,1.0,1.0,0.6291,UNSTABLE
f101v,24,16,7.13,16.91,1.0,1.0,0.653,UNSTABLE
f101v,25,19,7.11,22.34,1.0,1.0,0.591,UNSTABLE
f101v,26,22,7.2,21.43,1.0,1.0,0.6016,UNSTABLE
f101v,27,20,7.04,15.17,1.0,1.0,0.6784,UNSTABLE
f101v,28,8,9.79,16.61,1.0,1.0,0.5536,UNSTABLE
f103r,1,12,9.3,19.32,1.0,1.0,0.6888,UNSTABLE
f103r,2,15,5.86,15.71,1.0,1.0,0.6238,UNSTABLE
f103r,3,14,6.27,15.69,1.0,1.0,0.6398,UNSTABLE
f103r,4,8,12.84,19.03,1.0,1.0,0.8048,UNSTABLE
f103r,5,13,8.76,17.27,1.0,1.0,0.7043,UNSTABLE
f103r,6,13,9.79,24.87,1.0,1.0,0.6362,UNSTABLE
f103r,7,8,11.34,21.93,1.0,1.0,0.7103,UNSTABLE
f103r,8,11,13.12,33.36,1.0,1.0,0.436,UNSTABLE
f103r,9,14,5.84,15.39,1.0,1.0,0.6277,UNSTABLE
f103r,10,13,5.89,15.44,1.0,1.0,0.6289,UNSTABLE
f103r,11,12,8.24,18.51,1.0,1.0,0.6671,UNSTABLE
f103r,12,7,12.23,38.75,1.0,1.0,0.5894,UNSTABLE
f103r,13,10,11.34,19.17,1.0,1.0,0.7549,UNSTABLE
f103r,14,12,9.0,25.81,1.0,1.0,0.6092,UNSTABLE
f103r,15,5,15.26,17.34,1.0,1.0,0.928,UNSTABLE
f103r,16,11,8.94,20.76,1.0,1.0,0.6584,UNSTABLE
f103r,17,7,14.76,28.69,1.0,1.0,0.7087,UNSTABLE
f103r,18,9,13.85,26.17,1.0,1.0,0.7175,UNSTABLE
f103r,19,12,9.36,22.58,1.0,1.0,0.6487,UNSTABLE
f103r,20,7,11.11,22.6,1.0,1.0,0.695,UNSTABLE
f103r,21,12,9.3,16.13,1.0,1.0,0.7459,UNSTABLE
f103r,22,12,9.08,22.58,1.0,1.0,0.6413,UNSTABLE
f103r,23,5,8.3,12.14,1.0,1.0,0.8102,UNSTABLE
f103r,24,12,8.3,18.51,1.0,1.0,0.669,UNSTABLE
f103r,25,10,12.24,21.07,1.0,1.0,0.7486,UNSTABLE
f103r,26,7,13.09,32.73,1.0,1.0,0.44,UNSTABLE
f103r,27,9,16.41,38.04,1.0,1.0,0.6588,UNSTABLE
f103r,28,11,7.97,19.26,1.0,1.0,0.6483,UNSTABLE
f103r,29,6,14.57,19.44,1.0,1.0,0.8497,UNSTABLE
f103r,30,9,11.15,18.9,1.0,1.0,0.754,UNSTABLE
f103r,31,11,8.79,19.39,1.0,1.0,0.672,UNSTABLE
f103r,32,8,10.41,17.65,1.0,1.0,0.7539,UNSTABLE
f103r,33,11,8.64,16.05,1.0,1.0,0.723,UNSTABLE
f103r,34,3,13.09,25.19,1.0,1.0,0.3118,UNSTABLE
f103r,35,9,8.92,18.32,1.0,1.0,0.6921,UNSTABLE
f103r,36,8,13.68,22.42,1.0,1.0,0.7661,UNSTABLE
f103r,37,9,14.85,26.23,1.0,1.0,0.7397,UNSTABLE
f103r,38,9,8.74,15.4,1.0,1.0,0.7405,UNSTABLE
f103r,39,6,10.54,16.11,1.0,1.0,0.7926,UNSTABLE
f103r,40,9,9.21,17.71,1.0,1.0,0.512,UNSTABLE
f103r,41,10,11.13,18.97,1.0,1.0,0.752,UNSTABLE
f103r,42,4,10.95,16.08,1.0,1.0,0.6086,UNSTABLE
f103r,43,11,9.91,19.42,1.0,1.0,0.7062,UNSTABLE
f103r,44,5,11.3,17.34,1.0,1.0,0.791,UNSTABLE
f103r,45,9,9.85,22.19,1.0,1.0,0.6663,UNSTABLE
f103r,46,9,10.84,19.44,1.0,1.0,0.7346,UNSTABLE
f103r,47,5,17.2,34.95,1.0,1.0,0.6953,UNSTABLE
f103r,48,8,14.64,26.47,1.0,1.0,0.7318,UNSTABLE
f103r,49,11,9.19,19.46,1.0,1.0,0.6834,UNSTABLE
f103r,50,10,10.88,19.17,1.0,1.0,0.7405,UNSTABLE
f103r,51,4,10.55,21.44,1.0,1.0,0.6952,UNSTABLE
f103r,52,9,13.55,26.23,1.0,1.0,0.71,UNSTABLE
f103r,53,10,11.49,20.25,1.0,1.0,0.7404,UNSTABLE
f103r,54,5,14.18,21.84,1.0,1.0,0.7896,UNSTABLE
f103v,1,11,12.43,29.13,1.0,1.0,0.656,UNSTABLE
f103v,2,11,10.53,22.62,1.0,1.0,0.6793,UNSTABLE
f103v,3,12,8.98,15.5,1.0,1.0,0.7476,UNSTABLE
f103v,4,6,15.14,22.4,1.0,1.0,0.8055,UNSTABLE
f103v,5,10,14.58,22.66,1.0,1.0,0.7861,UNSTABLE
f103v,6,11,9.54,20.12,1.0,1.0,0.6845,UNSTABLE
f103v,7,12,7.05,18.51,1.0,1.0,0.6285,UNSTABLE
f103v,8,6,10.55,23.68,1.0,1.0,0.4673,UNSTABLE
f103v,9,10,11.45,24.08,1.0,1.0,0.6853,UNSTABLE
f103v,10,12,7.55,22.88,1.0,1.0,0.598,UNSTABLE
f103v,11,4,20.47,41.8,1.0,1.0,0.6938,UNSTABLE
f103v,12,10,9.03,19.42,1.0,1.0,0.679,UNSTABLE
f103v,13,10,9.6,22.36,1.0,1.0,0.4576,UNSTABLE
f103v,14,11,8.81,21.8,1.0,1.0,0.6425,UNSTABLE
f103v,15,11,7.41,11.87,1.0,1.0,0.5746,UNSTABLE
f103v,16,7,9.86,20.83,1.0,1.0,0.684,UNSTABLE
f103v,17,10,7.56,17.35,1.0,1.0,0.6614,UNSTABLE
f103v,18,10,7.26,18.67,1.0,1.0,0.6333,UNSTABLE
f103v,19,5,13.65,38.14,1.0,1.0,0.6147,UNSTABLE
f103v,20,11,10.05,18.69,1.0,1.0,0.7226,UNSTABLE
f103v,21,9,8.68,17.61,1.0,1.0,0.6957,UNSTABLE
f103v,22,8,12.81,29.41,1.0,1.0,0.6613,UNSTABLE
f103v,23,12,6.07,8.95,1.0,1.0,0.8069,UNSTABLE
f103v,24,10,6.23,17.35,1.0,1.0,0.6154,UNSTABLE
f103v,25,10,8.12,19.42,1.0,1.0,0.6509,UNSTABLE
f103v,26,6,10.44,16.45,1.0,1.0,0.7808,UNSTABLE
f103v,27,10,9.17,15.65,1.0,1.0,0.7516,UNSTABLE
f103v,28,9,9.65,16.2,1.0,1.0,0.7574,UNSTABLE
f103v,29,7,10.66,24.71,1.0,1.0,0.6588,UNSTABLE
f103v,30,10,7.12,12.77,1.0,1.0,0.5345,UNSTABLE
f103v,31,11,7.93,18.69,1.0,1.0,0.6546,UNSTABLE
f103v,32,7,9.51,15.12,1.0,1.0,0.7774,UNSTABLE
f103v,33,10,10.49,19.42,1.0,1.0,0.7241,UNSTABLE
f103v,34,10,9.58,25.89,1.0,1.0,0.622,UNSTABLE
f103v,35,9,9.97,17.28,1.0,1.0,0.5462,UNSTABLE
f103v,36,5,10.76,18.49,1.0,1.0,0.7492,UNSTABLE
f103v,37,9,11.31,22.68,1.0,1.0,0.6992,UNSTABLE
f103v,38,7,7.8,21.36,1.0,1.0,0.4191,UNSTABLE
f103v,39,9,10.0,22.19,1.0,1.0,0.6704,UNSTABLE
f103v,40,10,8.2,21.07,1.0,1.0,0.6335,UNSTABLE
f103v,41,12,6.8,14.31,1.0,1.0,0.6851,UNSTABLE
f103v,42,6,7.64,14.8,1.0,1.0,0.7097,UNSTABLE
f103v,43,7,11.38,20.83,1.0,1.0,0.7278,UNSTABLE
f103v,44,11,5.9,16.99,1.0,1.0,0.6084,UNSTABLE
f103v,45,8,8.48,12.18,1.0,1.0,0.6177,UNSTABLE
f103v,46,9,8.1,17.48,1.0,1.0,0.678,UNSTABLE
f104r,1,10,11.87,25.56,1.0,1.0,0.4786,UNSTABLE
f104r,2,11,6.74,12.57,1.0,1.0,0.5217,UNSTABLE
f104r,3,13,6.72,20.15,1.0,1.0,0.4001,UNSTABLE
f104r,4,6,15.17,22.55,1.0,1.0,0.8036,UNSTABLE
f104r,5,12,8.8,20.02,1.0,1.0,0.4637,UNSTABLE
f104r,6,11,8.46,21.37,1.0,1.0,0.6375,UNSTABLE
f104r,7,11,8.42,19.39,1.0,1.0,0.6605,UNSTABLE
f104r,8,11,9.6,21.8,1.0,1.0,0.6642,UNSTABLE
f104r,9,4,16.25,21.44,1.0,1.0,0.8548,UNSTABLE
f104r,10,12,7.26,15.89,1.0,1.0,0.6741,UNSTABLE
f104r,11,7,14.9,41.19,1.0,1.0,0.617,UNSTABLE
f104r,12,10,10.07,20.25,1.0,1.0,0.6984,UNSTABLE
f104r,13,9,14.48,34.65,1.0,1.0,0.4507,UNSTABLE
f104r,14,9,9.47,20.4,1.0,1.0,0.6785,UNSTABLE
f104r,15,8,10.16,19.79,1.0,1.0,0.708,UNSTABLE
f104r,16,8,14.81,23.26,1.0,1.0,0.582,UNSTABLE
f104r,17,9,12.39,19.02,1.0,1.0,0.7909,UNSTABLE
f104r,18,6,13.59,21.38,1.0,1.0,0.7814,UNSTABLE
f104r,19,11,8.08,15.57,1.0,1.0,0.5114,UNSTABLE
f104r,20,12,9.31,21.7,1.0,1.0,0.6574,UNSTABLE
f104r,21,5,11.57,19.07,1.0,1.0,0.764,UNSTABLE
f104r,22,12,5.92,12.0,1.0,1.0,0.496,UNSTABLE
f104r,23,11,9.3,21.8,1.0,1.0,0.456,UNSTABLE
f104r,24,9,10.16,22.05,1.0,1.0,0.6765,UNSTABLE
f104r,25,9,10.24,22.05,1.0,1.0,0.6786,UNSTABLE
f104r,26,4,8.46,16.08,1.0,1.0,0.5157,UNSTABLE
f104r,27,11,9.54,20.12,1.0,1.0,0.6845,UNSTABLE
f104r,28,12,6.67,17.22,1.0,1.0,0.6324,UNSTABLE
f104r,29,7,9.82,13.73,1.0,1.0,0.8291,UNSTABLE
f104r,30,9,12.87,19.02,1.0,1.0,0.806,UNSTABLE
f104r,31,10,13.33,28.92,1.0,1.0,0.6766,UNSTABLE
f104r,32,11,10.49,27.96,1.0,1.0,0.6251,UNSTABLE
f104r,33,10,12.3,22.98,1.0,1.0,0.7211,UNSTABLE
f104r,34,10,12.22,22.98,1.0,1.0,0.7191,UNSTABLE
f104r,35,7,11.64,18.26,1.0,1.0,0.5825,UNSTABLE
f104r,36,10,13.71,25.89,1.0,1.0,0.5177,UNSTABLE
f104r,37,10,11.89,18.97,1.0,1.0,0.7761,UNSTABLE
f104r,38,5,18.95,31.21,1.0,1.0,0.7643,UNSTABLE
f104r,39,11,9.39,21.85,1.0,1.0,0.6578,UNSTABLE
f104r,40,10,8.89,16.18,1.0,1.0,0.5297,UNSTABLE
f104r,41,10,10.07,16.26,1.0,1.0,0.7716,UNSTABLE
f104r,42,3,8.01,17.99,1.0,1.0,0.4671,UNSTABLE
f104r,43,9,14.18,23.31,1.0,1.0,0.765,UNSTABLE
f104r,44,10,12.44,26.03,1.0,1.0,0.6867,UNSTABLE
f104r,45,11,5.48,16.99,1.0,1.0,0.5935,UNSTABLE
f104v,1,11,6.65,13.84,1.0,1.0,0.4883,UNSTABLE
f104v,2,9,10.65,22.19,1.0,1.0,0.688,UNSTABLE
f104v,3,12,9.46,20.02,1.0,1.0,0.6835,UNSTABLE
f104v,4,11,10.74,22.62,1.0,1.0,0.6849,UNSTABLE
f104v,5,5,10.24,15.6,1.0,1.0,0.5938,UNSTABLE
f104v,6,13,7.73,18.53,1.0,1.0,0.6503,UNSTABLE
f104v,7,11,7.7,22.62,1.0,1.0,0.4042,UNSTABLE
f104v,8,12,8.51,22.68,1.0,1.0,0.4251,UNSTABLE
f104v,9,12,8.55,22.58,1.0,1.0,0.6272,UNSTABLE
f104v,10,11,10.36,21.8,1.0,1.0,0.6851,UNSTABLE
f104v,11,9,13.03,23.1,1.0,1.0,0.7384,UNSTABLE
f104v,12,13,8.13,21.47,1.0,1.0,0.4272,UNSTABLE
f104v,13,10,12.03,23.14,1.0,1.0,0.7119,UNSTABLE
f104v,14,7,8.25,15.65,1.0,1.0,0.7163,UNSTABLE
f104v,15,11,13.27,22.99,1.0,1.0,0.7463,UNSTABLE
f104v,16,12,9.15,20.26,1.0,1.0,0.671,UNSTABLE
f104v,17,11,9.28,21.37,1.0,1.0,0.4606,UNSTABLE
f104v,18,7,13.09,20.87,1.0,1.0,0.7763,UNSTABLE
f104v,19,13,7.88,20.15,1.0,1.0,0.6346,UNSTABLE
f104v,20,12,11.46,28.98,1.0,1.0,0.6373,UNSTABLE
f104v,21,6,13.08,21.15,1.0,1.0,0.7711,UNSTABLE
f104v,22,11,10.33,24.92,1.0,1.0,0.6487,UNSTABLE
f104v,23,11,12.57,22.62,1.0,1.0,0.7334,UNSTABLE
f104v,24,9,7.81,19.93,1.0,1.0,0.6351,UNSTABLE
f104v,25,10,10.88,28.18,1.0,1.0,0.6317,UNSTABLE
f104v,26,5,11.81,21.57,1.0,1.0,0.5285,UNSTABLE
f104v,27,12,7.14,25.76,1.0,1.0,0.5663,UNSTABLE
f104v,28,9,12.98,25.2,1.0,1.0,0.709,UNSTABLE
f104v,29,11,9.37,21.37,1.0,1.0,0.6631,UNSTABLE
f104v,30,12,8.19,19.85,1.0,1.0,0.6476,UNSTABLE
f104v,31,8,10.8,19.43,1.0,1.0,0.7335,UNSTABLE
f104v,32,11,8.66,19.46,1.0,1.0,0.667,UNSTABLE
f104v,33,14,6.11,22.5,1.0,1.0,0.5629,UNSTABLE
f104v,34,8,11.36,19.03,1.0,1.0,0.7582,UNSTABLE
f104v,35,10,13.63,31.94,1.0,1.0,0.656,UNSTABLE
f104v,36,5,20.36,46.81,1.0,1.0,0.661,UNSTABLE
f104v,37,9,12.9,35.42,1.0,1.0,0.6185,UNSTABLE
f104v,38,10,10.45,18.79,1.0,1.0,0.7337,UNSTABLE
f104v,39,13,6.66,11.71,1.0,1.0,0.7412,UNSTABLE
f104v,40,6,14.6,20.72,1.0,1.0,0.8228,UNSTABLE
f104v,41,9,11.17,20.66,1.0,1.0,0.5244,UNSTABLE
f104v,42,11,9.27,19.39,1.0,1.0,0.4868,UNSTABLE
f104v,43,10,14.21,37.94,1.0,1.0,0.6247,UNSTABLE
f104v,44,6,16.83,23.68,1.0,1.0,0.8264,UNSTABLE
f105r,1,10,11.29,21.92,1.0,1.0,0.709,UNSTABLE
f105r,2,12,7.44,16.1,1.0,1.0,0.4773,UNSTABLE
f105r,3,12,9.4,25.33,1.0,1.0,0.6227,UNSTABLE
f105r,4,11,7.16,16.99,1.0,1.0,0.4529,UNSTABLE
f105r,5,9,7.4,14.76,1.0,1.0,0.7008,UNSTABLE
f105r,6,10,11.58,25.05,1.0,1.0,0.6774,UNSTABLE
f105r,7,10,10.19,25.56,1.0,1.0,0.6392,UNSTABLE
f105r,8,10,10.75,22.36,1.0,1.0,0.6885,UNSTABLE
f105r,9,4,18.78,30.42,1.0,1.0,0.3704,UNSTABLE
f105r,10,4,8.85,12.5,1.0,1.0,0.6248,UNSTABLE
f105r,11,8,10.22,17.62,1.0,1.0,0.548,UNSTABLE
f105r,12,11,10.66,22.47,1.0,1.0,0.4846,UNSTABLE
f105r,13,10,8.21,18.97,1.0,1.0,0.6597,UNSTABLE
f105r,14,10,12.09,18.67,1.0,1.0,0.7885,UNSTABLE
f105r,15,12,7.56,19.36,1.0,1.0,0.6343,UNSTABLE
f105r,16,7,9.15,18.42,1.0,1.0,0.498,UNSTABLE
f105r,17,11,10.38,22.24,1.0,1.0,0.68,UNSTABLE
f105r,18,11,6.7,19.39,1.0,1.0,0.6073,UNSTABLE
f105r,19,10,9.96,27.1,1.0,1.0,0.6205,UNSTABLE
f105r,20,12,6.19,12.66,1.0,1.0,0.4934,UNSTABLE
f105r,21,11,9.66,22.62,1.0,1.0,0.6562,UNSTABLE
f105r,22,11,6.02,10.77,1.0,1.0,0.5354,UNSTABLE
f105r,23,4,15.17,22.84,1.0,1.0,0.5985,UNSTABLE
f105r,24,12,7.14,18.6,1.0,1.0,0.6303,UNSTABLE
f105r,25,6,9.03,14.8,1.0,1.0,0.5661,UNSTABLE
f105r,26,12,9.54,21.59,1.0,1.0,0.6651,UNSTABLE
f105r,27,6,7.69,14.8,1.0,1.0,0.5118,UNSTABLE
f105r,28,11,10.3,22.47,1.0,1.0,0.675,UNSTABLE
f105r,29,11,8.59,22.24,1.0,1.0,0.4317,UNSTABLE
f105r,30,9,9.56,18.32,1.0,1.0,0.7131,UNSTABLE
f105r,31,12,7.38,16.13,1.0,1.0,0.6745,UNSTABLE
f105r,32,11,7.83,21.37,1.0,1.0,0.6198,UNSTABLE
f105r,33,9,10.31,20.66,1.0,1.0,0.6994,UNSTABLE
f105r,34,11,4.72,7.98,1.0,1.0,0.7549,UNSTABLE
f105r,35,12,7.83,18.6,1.0,1.0,0.6526,UNSTABLE
f105r,36,11,6.33,15.26,1.0,1.0,0.4489,UNSTABLE
f105r,37,4,9.11,14.29,1.0,1.0,0.5825,UNSTABLE
f105v,1,9,9.02,12.95,1.0,1.0,0.6179,UNSTABLE
f105v,2,11,7.79,21.8,1.0,1.0,0.4144,UNSTABLE
f105v,3,11,11.27,20.33,1.0,1.0,0.7326,UNSTABLE
f105v,4,8,9.66,20.59,1.0,1.0,0.6815,UNSTABLE
f105v,5,10,9.95,22.36,1.0,1.0,0.667,UNSTABLE
f105v,6,13,5.58,11.22,1.0,1.0,0.6984,UNSTABLE
f105v,7,7,9.7,24.56,1.0,1.0,0.437,UNSTABLE
f105v,8,11,7.83,12.77,1.0,1.0,0.7679,UNSTABLE
f105v,9,13,6.52,19.32,1.0,1.0,0.6025,UNSTABLE
f105v,10,13,6.15,19.36,1.0,1.0,0.3906,UNSTABLE
f105v,11,12,8.15,19.85,1.0,1.0,0.6463,UNSTABLE
f105v,12,12,5.39,14.3,1.0,1.0,0.6262,UNSTABLE
f105v,13,8,9.3,20.59,1.0,1.0,0.671,UNSTABLE
f105v,14,10,8.88,20.25,1.0,1.0,0.6631,UNSTABLE
f105v,15,11,6.27,16.16,1.0,1.0,0.6328,UNSTABLE
f105v,16,12,5.87,16.13,1.0,1.0,0.6184,UNSTABLE
f105v,17,8,6.77,22.15,1.0,1.0,0.3834,UNSTABLE
f105v,18,9,13.61,25.92,1.0,1.0,0.715,UNSTABLE
f105v,19,11,7.41,15.26,1.0,1.0,0.4913,UNSTABLE
f105v,20,10,8.2,13.97,1.0,1.0,0.5522,UNSTABLE
f105v,21,9,13.77,41.21,1.0,1.0,0.6005,UNSTABLE
f105v,22,6,9.57,19.2,1.0,1.0,0.6991,UNSTABLE
f105v,23,9,10.75,25.36,1.0,1.0,0.4543,UNSTABLE
f105v,24,7,11.08,21.36,1.0,1.0,0.7112,UNSTABLE
f105v,25,10,10.16,15.97,1.0,1.0,0.5817,UNSTABLE
f105v,26,12,4.87,12.66,1.0,1.0,0.4308,UNSTABLE
f105v,27,9,10.59,34.65,1.0,1.0,0.5834,UNSTABLE
f105v,28,6,6.3,14.8,1.0,1.0,0.6554,UNSTABLE
f105v,29,9,11.91,25.2,1.0,1.0,0.6836,UNSTABLE
f105v,30,11,7.33,18.32,1.0,1.0,0.6401,UNSTABLE
f105v,31,9,7.9,14.76,1.0,1.0,0.7211,UNSTABLE
f105v,32,9,14.75,28.53,1.0,1.0,0.7102,UNSTABLE
f105v,33,13,6.21,17.95,1.0,1.0,0.6076,UNSTABLE
f105v,34,10,8.55,21.92,1.0,1.0,0.634,UNSTABLE
f105v,35,11,5.74,17.79,1.0,1.0,0.3936,UNSTABLE
f105v,36,9,11.1,21.32,1.0,1.0,0.5124,UNSTABLE
f105v,37,11,8.41,15.57,1.0,1.0,0.7241,UNSTABLE
f105v,38,4,11.61,28.94,1.0,1.0,0.4407,UNSTABLE
f106r,1,11,10.13,16.68,1.0,1.0,0.5644,UNSTABLE
f106r,2,12,8.37,21.59,1.0,1.0,0.6326,UNSTABLE
f106r,3,5,9.27,19.07,1.0,1.0,0.4917,UNSTABLE
f106r,4,10,10.94,22.36,1.0,1.0,0.6936,UNSTABLE
f106r,5,11,10.74,25.85,1.0,1.0,0.6493,UNSTABLE
f106r,6,10,11.11,36.13,1.0,1.0,0.5845,UNSTABLE
f106r,7,7,11.32,15.98,1.0,1.0,0.825,UNSTABLE
f106r,8,10,12.14,25.14,1.0,1.0,0.6897,UNSTABLE
f106r,9,7,12.37,21.97,1.0,1.0,0.7378,UNSTABLE
f106r,10,9,11.75,19.44,1.0,1.0,0.7627,UNSTABLE
f106r,11,12,6.99,15.02,1.0,1.0,0.4792,UNSTABLE
f106r,12,5,12.27,19.44,1.0,1.0,0.7787,UNSTABLE
f106r,13,8,11.02,22.2,1.0,1.0,0.6978,UNSTABLE
f106r,14,8,9.98,19.93,1.0,1.0,0.7005,UNSTABLE
f106r,15,8,9.5,17.44,1.0,1.0,0.7268,UNSTABLE
f106r,16,12,6.51,14.3,1.0,1.0,0.6731,UNSTABLE
f106r,17,6,13.01,25.77,1.0,1.0,0.7029,UNSTABLE
f106r,18,11,12.59,20.12,1.0,1.0,0.7754,UNSTABLE
f106r,19,9,13.97,28.79,1.0,1.0,0.6911,UNSTABLE
f106r,20,9,12.57,22.68,1.0,1.0,0.7325,UNSTABLE
f106r,21,6,11.52,23.68,1.0,1.0,0.6919,UNSTABLE
f106r,22,8,12.2,22.62,1.0,1.0,0.7236,UNSTABLE
f106r,23,9,9.72,19.02,1.0,1.0,0.7066,UNSTABLE
f106r,24,9,9.47,20.54,1.0,1.0,0.6766,UNSTABLE
f106r,25,11,8.79,22.62,1.0,1.0,0.6332,UNSTABLE
f106r,26,2,10.69,14.17,1.0,1.0,0.4526,UNSTABLE
f106r,27,10,7.87,20.25,1.0,1.0,0.6332,UNSTABLE
f106r,28,12,7.38,22.54,1.0,1.0,0.5965,UNSTABLE
f106r,29,11,8.86,18.32,1.0,1.0,0.6902,UNSTABLE
f106r,30,10,6.04,9.89,1.0,1.0,0.5664,UNSTABLE
f106r,31,6,9.74,14.8,1.0,1.0,0.5949,UNSTABLE
f106r,32,9,13.74,34.87,1.0,1.0,0.6364,UNSTABLE
f106r,33,8,11.7,22.67,1.0,1.0,0.7097,UNSTABLE
f106r,34,7,16.71,27.63,1.0,1.0,0.5629,UNSTABLE
f106r,35,5,10.02,15.6,1.0,1.0,0.7854,UNSTABLE
f106r,36,9,12.7,32.4,1.0,1.0,0.6352,UNSTABLE
f106r,37,2,15.1,24.8,1.0,1.0,0.5653,UNSTABLE
f106r,38,9,9.32,17.81,1.0,1.0,0.714,UNSTABLE
f106r,39,8,11.33,20.88,1.0,1.0,0.5256,UNSTABLE
f106r,40,11,6.48,13.9,1.0,1.0,0.6797,UNSTABLE
f106r,41,5,9.74,14.4,1.0,1.0,0.8058,UNSTABLE
f106r,42,8,17.85,35.29,1.0,1.0,0.7035,UNSTABLE
f106r,43,11,7.19,19.39,1.0,1.0,0.6225,UNSTABLE
f106r,44,9,8.16,15.4,1.0,1.0,0.5179,UNSTABLE
f106r,45,9,10.74,16.4,1.0,1.0,0.5929,UNSTABLE
f106r,46,9,10.37,22.68,1.0,1.0,0.6743,UNSTABLE
f106r,47,5,14.41,18.49,1.0,1.0,0.8676,UNSTABLE
f106v,1,11,6.82,12.77,1.0,1.0,0.5204,UNSTABLE
f106v,2,9,10.99,22.15,1.0,1.0,0.6977,UNSTABLE
f106v,3,11,6.39,12.77,1.0,1.0,0.5002,UNSTABLE
f106v,4,7,10.4,15.98,1.0,1.0,0.5905,UNSTABLE
f106v,5,10,11.59,25.59,1.0,1.0,0.6717,UNSTABLE
f106v,6,10,7.99,14.0,1.0,1.0,0.7424,UNSTABLE
f106v,7,10,9.08,21.07,1.0,1.0,0.6586,UNSTABLE
f106v,8,4,8.87,16.08,1.0,1.0,0.531,UNSTABLE
f106v,9,8,12.95,22.67,1.0,1.0,0.7427,UNSTABLE
f106v,10,7,10.43,22.37,1.0,1.0,0.4797,UNSTABLE
f106v,11,8,12.73,20.59,1.0,1.0,0.771,UNSTABLE
f106v,12,10,10.32,22.66,1.0,1.0,0.6733,UNSTABLE
f106v,13,11,6.47,15.25,1.0,1.0,0.4546,UNSTABLE
f106v,14,7,6.49,12.2,1.0,1.0,0.7192,UNSTABLE
f106v,15,9,14.09,22.68,1.0,1.0,0.7728,UNSTABLE
f106v,16,11,9.28,22.47,1.0,1.0,0.6478,UNSTABLE
f106v,17,5,15.22,22.67,1.0,1.0,0.6028,UNSTABLE
f106v,18,10,11.45,19.42,1.0,1.0,0.7538,UNSTABLE
f106v,19,8,5.83,9.69,1.0,1.0,0.561,UNSTABLE
f106v,20,9,11.3,19.93,1.0,1.0,0.7402,UNSTABLE
f106v,21,6,12.09,32.56,1.0,1.0,0.6228,UNSTABLE
f106v,22,9,13.78,20.94,1.0,1.0,0.7948,UNSTABLE
f106v,23,11,8.72,19.46,1.0,1.0,0.6689,UNSTABLE
f106v,24,10,9.24,20.25,1.0,1.0,0.6738,UNSTABLE
f106v,25,6,9.76,26.64,1.0,1.0,0.4198,UNSTABLE
f106v,26,11,7.23,12.46,1.0,1.0,0.7482,UNSTABLE
f106v,27,6,10.03,19.2,1.0,1.0,0.7134,UNSTABLE
f106v,28,10,10.31,22.36,1.0,1.0,0.6767,UNSTABLE
f106v,29,11,7.42,21.8,1.0,1.0,0.4042,UNSTABLE
f106v,30,8,15.57,33.48,1.0,1.0,0.679,UNSTABLE
f106v,31,4,9.8,16.08,1.0,1.0,0.5657,UNSTABLE
f106v,32,11,8.96,25.68,1.0,1.0,0.6093,UNSTABLE
f106v,33,6,9.74,21.38,1.0,1.0,0.4733,UNSTABLE
f106v,34,11,8.01,16.99,1.0,1.0,0.6829,UNSTABLE
f106v,35,9,15.06,47.25,1.0,1.0,0.5912,UNSTABLE
f106v,36,4,12.95,22.14,1.0,1.0,0.7509,UNSTABLE
f106v,37,11,8.67,22.62,1.0,1.0,0.63,UNSTABLE
f106v,38,10,13.72,28.75,1.0,1.0,0.6863,UNSTABLE
f106v,39,3,14.14,15.12,1.0,1.0,0.9611,STABLE (PASS)
f106v,40,12,6.34,11.44,1.0,1.0,0.5325,UNSTABLE
f106v,41,9,11.89,25.92,1.0,1.0,0.6752,UNSTABLE
f106v,42,11,8.93,25.85,1.0,1.0,0.6073,UNSTABLE
f106v,43,10,11.55,22.36,1.0,1.0,0.7099,UNSTABLE
f106v,44,11,7.18,16.05,1.0,1.0,0.6684,UNSTABLE
f106v,45,11,6.88,12.71,1.0,1.0,0.5248,UNSTABLE
f106v,46,10,6.99,18.79,1.0,1.0,0.4232,UNSTABLE
f106v,47,2,8.9,12.4,1.0,1.0,0.6306,UNSTABLE
f107r,1,10,10.35,28.75,1.0,1.0,0.616,UNSTABLE
f107r,2,13,7.27,15.15,1.0,1.0,0.6879,UNSTABLE
f107r,3,8,11.44,20.59,1.0,1.0,0.7334,UNSTABLE
f107r,4,10,10.81,17.35,1.0,1.0,0.7738,UNSTABLE
f107r,5,10,10.49,21.92,1.0,1.0,0.6871,UNSTABLE
f107r,6,10,11.55,32.52,1.0,1.0,0.6131,UNSTABLE
f107r,7,6,13.55,19.2,1.0,1.0,0.8234,UNSTABLE
f107r,8,9,14.13,20.94,1.0,1.0,0.8049,UNSTABLE
f107r,9,8,11.61,18.79,1.0,1.0,0.7707,UNSTABLE
f107r,10,11,8.16,17.79,1.0,1.0,0.6752,UNSTABLE
f107r,11,11,9.32,20.12,1.0,1.0,0.6779,UNSTABLE
f107r,12,4,10.43,16.08,1.0,1.0,0.5892,UNSTABLE
f107r,13,9,8.92,20.4,1.0,1.0,0.6624,UNSTABLE
f107r,14,9,8.53,18.32,1.0,1.0,0.6794,UNSTABLE
f107r,15,10,9.01,21.92,1.0,1.0,0.4466,UNSTABLE
f107r,16,9,9.43,20.4,1.0,1.0,0.4774,UNSTABLE
f107r,17,4,7.4,12.5,1.0,1.0,0.5552,UNSTABLE
f107r,18,9,10.2,17.81,1.0,1.0,0.5436,UNSTABLE
f107r,19,11,6.88,14.57,1.0,1.0,0.4833,UNSTABLE
f107r,20,2,12.46,17.72,1.0,1.0,0.6219,UNSTABLE
f107r,21,9,14.07,38.88,1.0,1.0,0.6171,UNSTABLE
f107r,22,11,9.72,22.62,1.0,1.0,0.6578,UNSTABLE
f107r,23,3,10.35,19.79,1.0,1.0,0.5138,UNSTABLE
f107r,24,6,20.01,39.61,1.0,1.0,0.7031,UNSTABLE
f107r,25,11,9.18,22.62,1.0,1.0,0.6435,UNSTABLE
f107r,26,8,8.52,12.46,1.0,1.0,0.6103,UNSTABLE
f107r,27,10,11.69,25.56,1.0,1.0,0.6744,UNSTABLE
f107r,28,11,5.53,10.77,1.0,1.0,0.7081,UNSTABLE
f107r,29,3,9.67,13.2,1.0,1.0,0.8395,UNSTABLE
f107r,30,10,9.97,22.36,1.0,1.0,0.6675,UNSTABLE
f107r,31,13,5.89,18.53,1.0,1.0,0.5907,UNSTABLE
f107r,32,9,12.05,25.2,1.0,1.0,0.6869,UNSTABLE
f107r,33,11,6.46,11.68,1.0,1.0,0.5318,UNSTABLE
f107r,34,10,8.94,18.06,1.0,1.0,0.697,UNSTABLE
f107r,35,11,7.15,19.46,1.0,1.0,0.6205,UNSTABLE
f107r,36,12,6.6,19.85,1.0,1.0,0.5995,UNSTABLE
f107r,37,3,14.22,26.99,1.0,1.0,0.5161,UNSTABLE
f107r,38,8,13.47,22.2,1.0,1.0,0.7641,UNSTABLE
f107r,39,12,5.65,10.75,1.0,1.0,0.5153,UNSTABLE
f107r,40,10,9.34,20.25,1.0,1.0,0.6767,UNSTABLE
f107r,41,6,10.48,16.11,1.0,1.0,0.7903,UNSTABLE
f107r,42,11,7.82,15.26,1.0,1.0,0.7075,UNSTABLE
f107r,43,10,7.59,12.96,1.0,1.0,0.7514,UNSTABLE
f107r,44,4,19.17,32.16,1.0,1.0,0.7576,UNSTABLE
f107r,45,10,10.31,22.66,1.0,1.0,0.673,UNSTABLE
f107r,46,10,10.32,21.92,1.0,1.0,0.6825,UNSTABLE
f107r,47,5,10.99,22.54,1.0,1.0,0.4925,UNSTABLE
f107r,48,12,6.39,18.51,1.0,1.0,0.6071,UNSTABLE
f107r,49,10,7.79,16.18,1.0,1.0,0.4889,UNSTABLE
f107r,50,11,7.62,22.47,1.0,1.0,0.4035,UNSTABLE
f107r,51,9,8.39,14.0,1.0,1.0,0.7596,UNSTABLE
f107v,1,10,10.41,19.17,1.0,1.0,0.7258,UNSTABLE
f107v,2,12,6.31,19.36,1.0,1.0,0.5956,UNSTABLE
f107v,3,12,7.57,24.68,1.0,1.0,0.584,UNSTABLE
f107v,4,7,11.37,19.18,1.0,1.0,0.7557,UNSTABLE
f107v,5,10,8.79,18.97,1.0,1.0,0.478,UNSTABLE
f107v,6,11,10.61,22.47,1.0,1.0,0.6833,UNSTABLE
f107v,7,4,12.16,28.94,1.0,1.0,0.6521,UNSTABLE
f107v,8,9,13.16,22.68,1.0,1.0,0.7481,UNSTABLE
f107v,9,8,12.98,22.67,1.0,1.0,0.7435,UNSTABLE
f107v,10,7,10.39,22.37,1.0,1.0,0.6787,UNSTABLE
f107v,11,10,12.87,21.92,1.0,1.0,0.7523,UNSTABLE
f107v,12,10,9.67,19.17,1.0,1.0,0.7027,UNSTABLE
f107v,13,10,12.42,22.36,1.0,1.0,0.7333,UNSTABLE
f107v,14,10,11.81,17.35,1.0,1.0,0.8084,UNSTABLE
f107v,15,9,9.6,16.2,1.0,1.0,0.7556,UNSTABLE
f107v,16,10,9.58,21.07,1.0,1.0,0.6728,UNSTABLE
f107v,17,11,9.92,24.42,1.0,1.0,0.6437,UNSTABLE
f107v,18,10,8.98,18.79,1.0,1.0,0.6867,UNSTABLE
f107v,19,6,10.84,26.64,1.0,1.0,0.6441,UNSTABLE
f107v,20,10,10.42,21.68,1.0,1.0,0.6884,UNSTABLE
f107v,21,11,6.17,16.16,1.0,1.0,0.6291,UNSTABLE
f107v,22,6,7.29,13.16,1.0,1.0,0.5324,UNSTABLE
f107v,23,9,8.99,14.26,1.0,1.0,0.7783,UNSTABLE
f107v,24,5,6.95,15.6,1.0,1.0,0.4673,UNSTABLE
f107v,25,11,9.44,28.03,1.0,1.0,0.6021,UNSTABLE
f107v,26,9,11.62,20.35,1.0,1.0,0.7426,UNSTABLE
f107v,27,11,9.83,18.69,1.0,1.0,0.7156,UNSTABLE
f107v,28,4,8.97,17.86,1.0,1.0,0.5013,UNSTABLE
f107v,29,9,13.59,25.92,1.0,1.0,0.7146,UNSTABLE
f107v,30,11,8.76,17.25,1.0,1.0,0.7047,UNSTABLE
f107v,31,8,9.15,20.08,1.0,1.0,0.6734,UNSTABLE
f107v,32,9,12.07,20.66,1.0,1.0,0.7505,UNSTABLE
f107v,33,10,7.87,20.25,1.0,1.0,0.4332,UNSTABLE
f107v,34,6,7.2,13.16,1.0,1.0,0.5283,UNSTABLE
f107v,35,10,8.8,21.07,1.0,1.0,0.6506,UNSTABLE
f107v,36,9,8.94,22.05,1.0,1.0,0.6433,UNSTABLE
f107v,37,8,11.21,20.59,1.0,1.0,0.7267,UNSTABLE
f107v,38,9,11.72,22.05,1.0,1.0,0.7189,UNSTABLE
f107v,39,9,8.72,17.72,1.0,1.0,0.6953,UNSTABLE
f107v,40,6,10.36,21.15,1.0,1.0,0.6939,UNSTABLE
f107v,41,11,9.76,22.47,1.0,1.0,0.6606,UNSTABLE
f107v,42,3,14.68,29.15,1.0,1.0,0.7022,UNSTABLE
f107v,43,10,10.36,17.35,1.0,1.0,0.7583,UNSTABLE
f107v,44,5,16.43,28.09,1.0,1.0,0.7509,UNSTABLE
f107v,45,10,10.75,36.13,1.0,1.0,0.5785,UNSTABLE
f107v,46,10,8.96,21.92,1.0,1.0,0.6453,UNSTABLE
f107v,47,10,11.79,23.14,1.0,1.0,0.7057,UNSTABLE
f107v,48,9,9.76,20.4,1.0,1.0,0.6871,UNSTABLE
f107v,49,7,10.21,19.18,1.0,1.0,0.7194,UNSTABLE
f108r,1,8,17.03,29.58,1.0,1.0,0.5454,UNSTABLE
f108r,2,11,9.32,18.69,1.0,1.0,0.6992,UNSTABLE
f108r,3,10,12.69,33.19,1.0,1.0,0.4294,UNSTABLE
f108r,4,6,8.44,14.8,1.0,1.0,0.5422,UNSTABLE
f108r,5,11,10.9,35.31,1.0,1.0,0.5852,UNSTABLE
f108r,6,12,10.58,22.54,1.0,1.0,0.6816,UNSTABLE
f108r,7,11,11.99,25.92,1.0,1.0,0.6775,UNSTABLE
f108r,8,12,8.17,15.42,1.0,1.0,0.7179,UNSTABLE
f108r,9,11,6.62,15.57,1.0,1.0,0.6551,UNSTABLE
f108r,10,10,10.54,29.81,1.0,1.0,0.6121,UNSTABLE
f108r,11,11,8.72,18.32,1.0,1.0,0.6856,UNSTABLE
f108r,12,11,9.43,22.47,1.0,1.0,0.6518,UNSTABLE
f108r,13,3,12.94,28.79,1.0,1.0,0.6697,UNSTABLE
f108r,14,11,9.28,16.05,1.0,1.0,0.7469,UNSTABLE
f108r,15,10,11.4,22.36,1.0,1.0,0.7059,UNSTABLE
f108r,16,5,10.08,20.8,1.0,1.0,0.6908,UNSTABLE
f108r,17,10,9.97,20.42,1.0,1.0,0.6929,UNSTABLE
f108r,18,10,9.5,18.06,1.0,1.0,0.7156,UNSTABLE
f108r,19,10,8.55,19.17,1.0,1.0,0.4676,UNSTABLE
f108r,20,6,13.31,23.68,1.0,1.0,0.7372,UNSTABLE
f108r,21,9,11.68,23.62,1.0,1.0,0.4967,UNSTABLE
f108r,22,11,7.82,21.8,1.0,1.0,0.6152,UNSTABLE
f108r,23,4,11.46,17.86,1.0,1.0,0.585,UNSTABLE
f108r,24,8,18.28,57.3,1.0,1.0,0.5914,UNSTABLE
f108r,25,11,6.9,14.37,1.0,1.0,0.4881,UNSTABLE
f108r,26,10,10.97,21.92,1.0,1.0,0.7003,UNSTABLE
f108r,27,10,12.71,19.42,1.0,1.0,0.7927,UNSTABLE
f108r,28,5,12.03,28.09,1.0,1.0,0.657,UNSTABLE
f108r,29,9,13.54,25.2,1.0,1.0,0.5224,UNSTABLE
f108r,30,8,9.81,21.93,1.0,1.0,0.6684,UNSTABLE
f108r,31,10,13.88,22.36,1.0,1.0,0.7725,UNSTABLE
f108r,32,12,5.91,14.3,1.0,1.0,0.648,UNSTABLE
f108r,33,10,11.59,17.35,1.0,1.0,0.8008,UNSTABLE
f108r,34,4,15.28,25.72,1.0,1.0,0.7565,UNSTABLE
f108r,35,10,10.61,22.36,1.0,1.0,0.6847,UNSTABLE
f108r,36,9,12.52,17.48,1.0,1.0,0.6297,UNSTABLE
f108r,37,11,9.46,18.32,1.0,1.0,0.7098,UNSTABLE
f108r,38,6,10.0,21.15,1.0,1.0,0.6837,UNSTABLE
f108r,39,11,6.92,16.16,1.0,1.0,0.6569,UNSTABLE
f108r,40,9,13.44,20.4,1.0,1.0,0.7953,UNSTABLE
f108r,41,10,8.85,21.92,1.0,1.0,0.6422,UNSTABLE
f108r,42,10,12.98,21.68,1.0,1.0,0.7592,UNSTABLE
f108r,43,10,10.1,18.79,1.0,1.0,0.7225,UNSTABLE
f108r,44,6,9.43,14.8,1.0,1.0,0.5823,UNSTABLE
f108r,45,11,8.98,18.32,1.0,1.0,0.6941,UNSTABLE
f108r,46,10,11.68,22.36,1.0,1.0,0.7134,UNSTABLE
f108r,47,10,9.13,18.97,1.0,1.0,0.6888,UNSTABLE
f108r,48,12,8.34,15.5,1.0,1.0,0.7228,UNSTABLE
f108r,49,10,10.88,21.92,1.0,1.0,0.6978,UNSTABLE
f108r,50,8,15.27,30.24,1.0,1.0,0.703,UNSTABLE
f108v,1,11,9.07,21.8,1.0,1.0,0.6496,UNSTABLE
f108v,2,11,11.93,34.26,1.0,1.0,0.6089,UNSTABLE
f108v,3,10,7.81,27.09,1.0,1.0,0.573,UNSTABLE
f108v,4,8,11.04,22.67,1.0,1.0,0.6922,UNSTABLE
f108v,5,10,10.49,22.66,1.0,1.0,0.6778,UNSTABLE
f108v,6,10,11.3,22.36,1.0,1.0,0.7032,UNSTABLE
f108v,7,11,10.14,19.39,1.0,1.0,0.5138,UNSTABLE
f108v,8,10,12.76,21.92,1.0,1.0,0.7493,UNSTABLE
f108v,9,9,11.25,25.2,1.0,1.0,0.6679,UNSTABLE
f108v,10,10,9.27,16.18,1.0,1.0,0.7438,UNSTABLE
f108v,11,9,9.12,18.9,1.0,1.0,0.6895,UNSTABLE
f108v,12,11,10.61,21.37,1.0,1.0,0.6979,UNSTABLE
f108v,13,11,12.42,21.8,1.0,1.0,0.7418,UNSTABLE
f108v,14,9,6.59,12.96,1.0,1.0,0.7051,UNSTABLE
f108v,15,9,11.09,18.9,1.0,1.0,0.7521,UNSTABLE
f108v,16,11,11.03,20.12,1.0,1.0,0.7289,UNSTABLE
f108v,17,11,10.72,22.24,1.0,1.0,0.6892,UNSTABLE
f108v,18,12,7.79,19.32,1.0,1.0,0.4419,UNSTABLE
f108v,19,3,14.74,16.19,1.0,1.0,0.9463,STABLE (PASS)
f108v,20,8,10.3,14.4,1.0,1.0,0.6292,UNSTABLE
f108v,21,11,8.5,19.62,1.0,1.0,0.6599,UNSTABLE
f108v,22,10,7.49,17.39,1.0,1.0,0.6584,UNSTABLE
f108v,23,10,10.1,15.12,1.0,1.0,0.8008,UNSTABLE
f108v,24,12,6.25,15.82,1.0,1.0,0.637,UNSTABLE
f108v,25,12,8.78,18.6,1.0,1.0,0.6832,UNSTABLE
f108v,26,14,6.5,22.5,1.0,1.0,0.5733,UNSTABLE
f108v,27,13,7.47,13.82,1.0,1.0,0.7243,UNSTABLE
f108v,28,12,6.05,14.3,1.0,1.0,0.6538,UNSTABLE
f108v,29,7,10.33,21.49,1.0,1.0,0.6884,UNSTABLE
f108v,30,11,10.12,22.47,1.0,1.0,0.6702,UNSTABLE
f108v,31,10,12.66,25.89,1.0,1.0,0.6934,UNSTABLE
f108v,32,10,8.81,22.66,1.0,1.0,0.6333,UNSTABLE
f108v,33,11,10.43,22.47,1.0,1.0,0.6785,UNSTABLE
f108v,34,10,11.6,21.58,1.0,1.0,0.7225,UNSTABLE
f108v,35,10,9.74,22.66,1.0,1.0,0.6579,UNSTABLE
f108v,36,11,8.12,18.69,1.0,1.0,0.6607,UNSTABLE
f108v,37,11,7.97,16.16,1.0,1.0,0.6959,UNSTABLE
f108v,38,10,13.02,22.66,1.0,1.0,0.7447,UNSTABLE
f108v,39,12,4.89,7.88,1.0,1.0,0.5723,UNSTABLE
f108v,40,9,14.88,22.68,1.0,1.0,0.7937,UNSTABLE
f108v,41,10,6.64,11.35,1.0,1.0,0.551,UNSTABLE
f108v,42,9,16.55,35.42,1.0,1.0,0.6804,UNSTABLE
f108v,43,9,10.57,19.44,1.0,1.0,0.7262,UNSTABLE
f108v,44,12,10.47,32.26,1.0,1.0,0.5947,UNSTABLE
f108v,45,11,11.51,22.47,1.0,1.0,0.7073,UNSTABLE
f108v,46,11,9.03,22.62,1.0,1.0,0.6395,UNSTABLE
f108v,47,10,12.41,22.36,1.0,1.0,0.733,UNSTABLE
f108v,48,10,11.09,18.97,1.0,1.0,0.7508,UNSTABLE
f108v,49,12,8.89,19.85,1.0,1.0,0.6687,UNSTABLE
f108v,50,11,10.57,22.47,1.0,1.0,0.6822,UNSTABLE
f108v,51,9,17.23,32.47,1.0,1.0,0.7184,UNSTABLE
f108v,52,11,10.64,21.8,1.0,1.0,0.6928,UNSTABLE
f108v,53,4,8.67,14.29,1.0,1.0,0.564,UNSTABLE
f111r,1,11,7.56,16.16,1.0,1.0,0.4807,UNSTABLE
f111r,2,11,9.25,16.05,1.0,1.0,0.7458,UNSTABLE
f111r,3,11,9.23,19.46,1.0,1.0,0.6846,UNSTABLE
f111r,4,13,8.08,19.32,1.0,1.0,0.6509,UNSTABLE
f111r,5,6,9.34,14.32,1.0,1.0,0.7913,UNSTABLE
f111r,6,13,7.1,20.15,1.0,1.0,0.6114,UNSTABLE
f111r,7,10,9.85,18.97,1.0,1.0,0.7115,UNSTABLE
f111r,8,12,8.21,19.32,1.0,1.0,0.655,UNSTABLE
f111r,9,11,9.89,22.47,1.0,1.0,0.6641,UNSTABLE
f111r,10,12,7.66,18.6,1.0,1.0,0.6471,UNSTABLE
f111r,11,12,5.34,11.03,1.0,1.0,0.6905,UNSTABLE
f111r,12,11,9.87,21.37,1.0,1.0,0.6771,UNSTABLE
f111r,13,13,5.3,12.96,1.0,1.0,0.6454,UNSTABLE
f111r,14,12,6.75,12.06,1.0,1.0,0.5358,UNSTABLE
f111r,15,12,6.33,10.75,1.0,1.0,0.7533,UNSTABLE
f111r,16,10,11.84,23.14,1.0,1.0,0.707,UNSTABLE
f111r,17,12,8.39,21.7,1.0,1.0,0.632,UNSTABLE
f111r,18,12,10.54,19.85,1.0,1.0,0.7186,UNSTABLE
f111r,19,11,11.81,25.02,1.0,1.0,0.6832,UNSTABLE
f111r,20,12,10.93,17.52,1.0,1.0,0.7743,UNSTABLE
f111r,21,13,6.81,19.72,1.0,1.0,0.6072,UNSTABLE
f111r,22,11,12.12,24.42,1.0,1.0,0.6978,UNSTABLE
f111r,23,10,15.31,23.14,1.0,1.0,0.797,UNSTABLE
f111r,24,12,7.63,16.1,1.0,1.0,0.4843,UNSTABLE
f111r,25,12,9.78,25.81,1.0,1.0,0.6274,UNSTABLE
f111r,26,11,8.51,16.69,1.0,1.0,0.7059,UNSTABLE
f111r,27,12,7.96,21.7,1.0,1.0,0.6201,UNSTABLE
f111r,28,11,10.71,18.32,1.0,1.0,0.7508,UNSTABLE
f111r,29,13,7.61,16.14,1.0,1.0,0.6829,UNSTABLE
f111r,30,11,10.12,20.33,1.0,1.0,0.6987,UNSTABLE
f111r,31,8,11.62,21.93,1.0,1.0,0.7179,UNSTABLE
f111r,32,9,13.19,19.44,1.0,1.0,0.8071,UNSTABLE
f111r,33,12,8.12,14.37,1.0,1.0,0.739,UNSTABLE
f111r,34,12,7.46,17.01,1.0,1.0,0.6631,UNSTABLE
f111r,35,4,7.44,10.72,1.0,1.0,0.8164,UNSTABLE
f111r,36,9,12.5,25.2,1.0,1.0,0.6976,UNSTABLE
f111r,37,12,7.43,22.24,1.0,1.0,0.6004,UNSTABLE
f111r,38,11,7.42,26.71,1.0,1.0,0.5667,UNSTABLE
f111r,39,10,11.05,25.56,1.0,1.0,0.6594,UNSTABLE
f111r,40,8,17.49,34.88,1.0,1.0,0.7009,UNSTABLE
f111r,41,10,11.14,21.92,1.0,1.0,0.7049,UNSTABLE
f111r,42,10,9.78,25.53,1.0,1.0,0.6298,UNSTABLE
f111r,43,5,12.2,19.44,1.0,1.0,0.5765,UNSTABLE
f111r,44,11,8.0,15.57,1.0,1.0,0.5083,UNSTABLE
f111r,45,12,8.84,27.53,1.0,1.0,0.5927,UNSTABLE
f111r,46,13,6.8,25.82,1.0,1.0,0.358,UNSTABLE
f111r,47,9,9.85,22.05,1.0,1.0,0.668,UNSTABLE
f111r,48,10,9.83,22.66,1.0,1.0,0.6603,UNSTABLE
f111r,49,10,11.11,20.25,1.0,1.0,0.7292,UNSTABLE
f111r,50,10,12.41,32.36,1.0,1.0,0.6301,UNSTABLE
f111r,51,11,7.01,18.0,1.0,1.0,0.6337,UNSTABLE
f111r,52,11,9.98,22.62,1.0,1.0,0.6647,UNSTABLE
f111r,53,8,10.17,20.08,1.0,1.0,0.7039,UNSTABLE
f111r,54,6,9.9,20.72,1.0,1.0,0.6867,UNSTABLE
f111v,1,9,12.32,28.79,1.0,1.0,0.6568,UNSTABLE
f111v,2,10,15.15,24.08,1.0,1.0,0.7775,UNSTABLE
f111v,3,12,7.59,18.51,1.0,1.0,0.646,UNSTABLE
f111v,4,11,9.19,21.37,1.0,1.0,0.658,UNSTABLE
f111v,5,12,9.73,19.85,1.0,1.0,0.6941,UNSTABLE
f111v,6,11,9.54,25.42,1.0,1.0,0.6252,UNSTABLE
f111v,7,9,11.15,19.44,1.0,1.0,0.7441,UNSTABLE
f111v,8,10,10.67,17.67,1.0,1.0,0.7623,UNSTABLE
f111v,9,11,10.5,16.68,1.0,1.0,0.7777,UNSTABLE
f111v,10,12,8.12,20.02,1.0,1.0,0.6434,UNSTABLE
f111v,11,10,8.22,18.06,1.0,1.0,0.6731,UNSTABLE
f111v,12,10,10.87,21.92,1.0,1.0,0.6975,UNSTABLE
f111v,13,9,10.12,19.02,1.0,1.0,0.7192,UNSTABLE
f111v,14,11,10.25,22.24,1.0,1.0,0.6765,UNSTABLE
f111v,15,15,5.81,22.46,1.0,1.0,0.5552,UNSTABLE
f111v,16,12,8.92,22.54,1.0,1.0,0.6374,UNSTABLE
f111v,17,12,7.64,19.36,1.0,1.0,0.6368,UNSTABLE
f111v,18,13,6.9,25.62,1.0,1.0,0.5616,UNSTABLE
f111v,19,11,10.26,19.26,1.0,1.0,0.7196,UNSTABLE
f111v,20,11,11.43,19.42,1.0,1.0,0.7531,UNSTABLE
f111v,21,15,5.04,9.2,1.0,1.0,0.7287,UNSTABLE
f111v,22,11,8.92,19.26,1.0,1.0,0.6779,UNSTABLE
f111v,23,11,10.14,18.32,1.0,1.0,0.7321,UNSTABLE
f111v,24,11,7.16,12.71,1.0,1.0,0.738,UNSTABLE
f111v,25,4,13.17,28.58,1.0,1.0,0.4765,UNSTABLE
f111v,26,8,15.7,25.91,1.0,1.0,0.7636,UNSTABLE
f111v,27,12,7.46,15.82,1.0,1.0,0.6829,UNSTABLE
f111v,28,4,13.55,17.28,1.0,1.0,0.6705,UNSTABLE
f111v,29,9,8.3,17.71,1.0,1.0,0.6812,UNSTABLE
f111v,30,11,9.5,20.33,1.0,1.0,0.6804,UNSTABLE
f111v,31,12,6.52,18.51,1.0,1.0,0.6113,UNSTABLE
f111v,32,11,7.31,13.9,1.0,1.0,0.5155,UNSTABLE
f111v,33,9,11.34,15.99,1.0,1.0,0.8255,UNSTABLE
f111v,34,10,9.88,18.79,1.0,1.0,0.7155,UNSTABLE
f111v,35,12,7.13,15.42,1.0,1.0,0.6774,UNSTABLE
f111v,36,10,6.47,15.65,1.0,1.0,0.6481,UNSTABLE
f111v,37,9,9.76,22.8,1.0,1.0,0.6568,UNSTABLE
f111v,38,10,9.03,16.26,1.0,1.0,0.7332,UNSTABLE
f111v,39,11,8.62,19.39,1.0,1.0,0.6667,UNSTABLE
f111v,40,9,9.92,18.32,1.0,1.0,0.7249,UNSTABLE
f111v,41,8,11.59,18.79,1.0,1.0,0.7701,UNSTABLE
f111v,42,11,9.08,21.8,1.0,1.0,0.6499,UNSTABLE
f111v,43,9,9.96,19.44,1.0,1.0,0.7074,UNSTABLE
f111v,44,5,6.54,10.27,1.0,1.0,0.5821,UNSTABLE
f111v,45,10,10.21,18.67,1.0,1.0,0.5281,UNSTABLE
f111v,46,10,9.55,19.17,1.0,1.0,0.4989,UNSTABLE
f111v,47,9,7.83,17.48,1.0,1.0,0.6688,UNSTABLE
f111v,48,11,7.45,16.99,1.0,1.0,0.4631,UNSTABLE
f111v,49,10,10.65,19.17,1.0,1.0,0.7333,UNSTABLE
f111v,50,12,8.63,22.58,1.0,1.0,0.6293,UNSTABLE
f111v,51,7,12.41,29.06,1.0,1.0,0.4562,UNSTABLE
f112r,1,7,15.94,24.41,1.0,1.0,0.7918,UNSTABLE
f112r,2,8,7.55,23.53,1.0,1.0,0.5925,UNSTABLE
f112r,3,7,6.42,10.8,1.0,1.0,0.5567,UNSTABLE
f112r,4,7,6.98,15.12,1.0,1.0,0.677,UNSTABLE
f112r,5,7,9.81,19.18,1.0,1.0,0.5069,UNSTABLE
f112r,6,5,14.73,40.06,1.0,1.0,0.4206,UNSTABLE
f112r,7,7,10.42,18.42,1.0,1.0,0.7394,UNSTABLE
f112r,8,7,12.03,25.57,1.0,1.0,0.6823,UNSTABLE
f112r,9,8,11.06,19.03,1.0,1.0,0.7487,UNSTABLE
f112r,10,5,8.38,19.44,1.0,1.0,0.4586,UNSTABLE
f112r,11,8,12.25,19.03,1.0,1.0,0.7862,UNSTABLE
f112r,12,8,11.21,25.85,1.0,1.0,0.6602,UNSTABLE
f112r,13,8,9.77,19.03,1.0,1.0,0.708,UNSTABLE
f112r,14,6,11.34,26.64,1.0,1.0,0.6554,UNSTABLE
f112r,15,7,11.57,22.37,1.0,1.0,0.7103,UNSTABLE
f112r,16,8,12.87,25.06,1.0,1.0,0.7081,UNSTABLE
f112r,17,11,9.14,23.76,1.0,1.0,0.6308,UNSTABLE
f112r,18,8,7.9,12.96,1.0,1.0,0.7657,UNSTABLE
f112r,19,8,11.55,17.44,1.0,1.0,0.7974,UNSTABLE
f112r,20,10,7.62,16.26,1.0,1.0,0.4812,UNSTABLE
f112r,21,8,10.3,22.67,1.0,1.0,0.4726,UNSTABLE
f112r,22,3,13.73,29.15,1.0,1.0,0.4826,UNSTABLE
f112r,23,10,8.06,15.97,1.0,1.0,0.5028,UNSTABLE
f112r,24,9,10.86,28.35,1.0,1.0,0.6298,UNSTABLE
f112r,25,11,5.71,15.57,1.0,1.0,0.62,UNSTABLE
f112r,26,3,9.14,16.19,1.0,1.0,0.5387,UNSTABLE
f112r,27,8,9.12,23.26,1.0,1.0,0.4353,UNSTABLE
f112r,28,8,10.69,20.59,1.0,1.0,0.7115,UNSTABLE
f112r,29,10,8.89,19.17,1.0,1.0,0.6782,UNSTABLE
f112r,30,9,8.56,18.9,1.0,1.0,0.6717,UNSTABLE
f112r,31,9,9.15,17.71,1.0,1.0,0.71,UNSTABLE
f112r,32,10,8.07,21.07,1.0,1.0,0.6298,UNSTABLE
f112r,33,7,11.07,19.38,1.0,1.0,0.5427,UNSTABLE
f112r,34,8,16.12,31.71,1.0,1.0,0.705,UNSTABLE
f112r,35,11,8.54,20.12,1.0,1.0,0.6547,UNSTABLE
f112r,36,6,8.48,16.0,1.0,1.0,0.518,UNSTABLE
f112r,37,10,11.14,19.17,1.0,1.0,0.7487,UNSTABLE
f112r,38,8,15.48,35.63,1.0,1.0,0.6607,UNSTABLE
f112r,39,9,9.02,22.19,1.0,1.0,0.4439,UNSTABLE
f112r,40,10,8.85,22.66,1.0,1.0,0.6343,UNSTABLE
f112r,41,9,11.99,25.36,1.0,1.0,0.6837,UNSTABLE
f112r,42,9,11.87,20.4,1.0,1.0,0.7491,UNSTABLE
f112r,43,10,6.95,16.72,1.0,1.0,0.4494,UNSTABLE
f112r,44,10,12.83,40.49,1.0,1.0,0.5901,UNSTABLE
f112r,45,9,10.71,23.4,1.0,1.0,0.4746,UNSTABLE
f112v,1,8,9.57,18.0,1.0,1.0,0.519,UNSTABLE
f112v,2,9,12.13,20.4,1.0,1.0,0.7568,UNSTABLE
f112v,3,10,7.64,15.12,1.0,1.0,0.7032,UNSTABLE
f112v,4,9,11.48,22.68,1.0,1.0,0.7037,UNSTABLE
f112v,5,9,8.7,15.7,1.0,1.0,0.7325,UNSTABLE
f112v,6,5,12.29,22.67,1.0,1.0,0.7253,UNSTABLE
f112v,7,7,10.85,20.83,1.0,1.0,0.5125,UNSTABLE
f112v,8,8,7.77,12.96,1.0,1.0,0.5597,UNSTABLE
f112v,9,7,11.39,21.49,1.0,1.0,0.718,UNSTABLE
f112v,10,3,19.68,48.58,1.0,1.0,0.4431,UNSTABLE
f112v,11,10,7.06,16.18,1.0,1.0,0.6618,UNSTABLE
f112v,12,8,11.44,22.95,1.0,1.0,0.6991,UNSTABLE
f112v,13,9,7.08,18.32,1.0,1.0,0.6319,UNSTABLE
f112v,14,7,10.21,22.6,1.0,1.0,0.6711,UNSTABLE
f112v,15,9,11.42,20.66,1.0,1.0,0.7317,UNSTABLE
f112v,16,9,12.93,22.05,1.0,1.0,0.7518,UNSTABLE
f112v,17,8,8.83,17.23,1.0,1.0,0.7075,UNSTABLE
f112v,18,8,13.91,25.06,1.0,1.0,0.733,UNSTABLE
f112v,19,8,8.99,19.03,1.0,1.0,0.6834,UNSTABLE
f112v,20,8,9.85,21.93,1.0,1.0,0.6695,UNSTABLE
f112v,21,10,8.74,21.07,1.0,1.0,0.6489,UNSTABLE
f112v,22,6,9.47,19.2,1.0,1.0,0.6959,UNSTABLE
f112v,23,8,9.58,20.08,1.0,1.0,0.6863,UNSTABLE
f112v,24,9,9.93,26.42,1.0,1.0,0.6255,UNSTABLE
f112v,25,10,7.36,22.66,1.0,1.0,0.5949,UNSTABLE
f112v,26,7,14.29,24.56,1.0,1.0,0.7491,UNSTABLE
f112v,27,10,10.74,22.36,1.0,1.0,0.6882,UNSTABLE
f112v,28,11,9.88,19.46,1.0,1.0,0.7046,UNSTABLE
f112v,29,6,10.34,21.13,1.0,1.0,0.4936,UNSTABLE
f112v,30,9,11.22,23.62,1.0,1.0,0.485,UNSTABLE
f112v,31,4,11.11,16.59,1.0,1.0,0.8018,UNSTABLE
f112v,32,8,14.37,25.91,1.0,1.0,0.5328,UNSTABLE
f112v,33,10,11.03,22.66,1.0,1.0,0.6921,UNSTABLE
f112v,34,8,9.24,22.67,1.0,1.0,0.6446,UNSTABLE
f112v,35,6,11.55,21.15,1.0,1.0,0.7277,UNSTABLE
f112v,36,10,9.73,22.36,1.0,1.0,0.6611,UNSTABLE
f112v,37,10,8.95,28.75,1.0,1.0,0.5868,UNSTABLE
f112v,38,10,7.0,17.35,1.0,1.0,0.6421,UNSTABLE
f112v,39,9,11.16,17.71,1.0,1.0,0.7781,UNSTABLE
f112v,40,10,7.67,15.65,1.0,1.0,0.6941,UNSTABLE
f112v,41,4,9.18,12.5,1.0,1.0,0.6406,UNSTABLE
f112v,42,9,12.37,22.19,1.0,1.0,0.7345,UNSTABLE
f112v,43,11,6.17,9.81,1.0,1.0,0.5774,UNSTABLE
f112v,44,9,10.3,15.12,1.0,1.0,0.8087,UNSTABLE
f112v,45,10,8.65,17.35,1.0,1.0,0.4991,UNSTABLE
f112v,46,11,6.71,12.48,1.0,1.0,0.7226,UNSTABLE
f112v,47,9,5.64,8.75,1.0,1.0,0.7867,UNSTABLE
f113r,1,11,10.19,35.55,1.0,1.0,0.372,UNSTABLE
f113r,2,12,10.28,19.32,1.0,1.0,0.7193,UNSTABLE
f113r,3,4,8.88,17.86,1.0,1.0,0.4983,UNSTABLE
f113r,4,10,12.3,25.89,1.0,1.0,0.6851,UNSTABLE
f113r,5,11,10.43,21.8,1.0,1.0,0.6871,UNSTABLE
f113r,6,15,5.42,14.16,1.0,1.0,0.4297,UNSTABLE
f113r,7,8,10.12,20.59,1.0,1.0,0.6949,UNSTABLE
f113r,8,11,10.58,17.25,1.0,1.0,0.768,UNSTABLE
f113r,9,10,9.9,20.25,1.0,1.0,0.6933,UNSTABLE
f113r,10,12,8.74,17.73,1.0,1.0,0.6958,UNSTABLE
f113r,11,12,9.69,22.88,1.0,1.0,0.6541,UNSTABLE
f113r,12,8,10.62,17.65,1.0,1.0,0.761,UNSTABLE
f113r,13,11,9.73,17.25,1.0,1.0,0.5384,UNSTABLE
f113r,14,11,11.21,28.89,1.0,1.0,0.6328,UNSTABLE
f113r,15,4,8.14,17.86,1.0,1.0,0.4735,UNSTABLE
f113r,16,11,9.59,25.85,1.0,1.0,0.6226,UNSTABLE
f113r,17,12,8.81,25.81,1.0,1.0,0.6048,UNSTABLE
f113r,18,11,8.03,16.32,1.0,1.0,0.6952,UNSTABLE
f113r,19,5,8.77,13.87,1.0,1.0,0.5794,UNSTABLE
f113r,20,10,10.31,20.42,1.0,1.0,0.7029,UNSTABLE
f113r,21,10,8.77,17.41,1.0,1.0,0.7022,UNSTABLE
f113r,22,10,11.56,22.66,1.0,1.0,0.7061,UNSTABLE
f113r,23,11,8.85,17.79,1.0,1.0,0.6985,UNSTABLE
f113r,24,7,6.48,13.23,1.0,1.0,0.6939,UNSTABLE
f113r,25,10,10.88,23.14,1.0,1.0,0.6821,UNSTABLE
f113r,26,9,9.71,21.14,1.0,1.0,0.4756,UNSTABLE
f113r,27,12,7.46,11.03,1.0,1.0,0.8058,UNSTABLE
f113r,28,12,5.46,9.43,1.0,1.0,0.7474,UNSTABLE
f113r,29,9,9.64,19.02,1.0,1.0,0.7041,UNSTABLE
f113r,30,11,7.67,13.2,1.0,1.0,0.7486,UNSTABLE
f113r,31,14,8.39,21.39,1.0,1.0,0.6353,UNSTABLE
f113r,32,11,9.9,21.8,1.0,1.0,0.6725,UNSTABLE
f113r,33,5,10.56,17.34,1.0,1.0,0.5654,UNSTABLE
f113r,34,10,12.2,25.89,1.0,1.0,0.4827,UNSTABLE
f113r,35,10,13.52,22.8,1.0,1.0,0.7558,UNSTABLE
f113r,36,3,11.63,17.99,1.0,1.0,0.3879,UNSTABLE
f113r,37,10,10.45,19.42,1.0,1.0,0.7229,UNSTABLE
f113r,38,7,11.08,22.6,1.0,1.0,0.6942,UNSTABLE
f113r,39,8,14.87,27.84,1.0,1.0,0.7205,UNSTABLE
f113r,40,11,8.89,16.32,1.0,1.0,0.5268,UNSTABLE
f113r,41,10,10.22,17.35,1.0,1.0,0.7534,UNSTABLE
f113r,42,10,8.33,21.68,1.0,1.0,0.6305,UNSTABLE
f113r,43,13,4.76,9.6,1.0,1.0,0.6975,UNSTABLE
f113r,44,4,7.88,16.08,1.0,1.0,0.494,UNSTABLE
f113r,45,11,9.77,21.8,1.0,1.0,0.6689,UNSTABLE
f113r,46,8,13.69,25.06,1.0,1.0,0.7278,UNSTABLE
f113r,47,11,9.23,21.8,1.0,1.0,0.654,UNSTABLE
f113r,48,9,12.39,19.02,1.0,1.0,0.7909,UNSTABLE
f113r,49,11,8.86,19.39,1.0,1.0,0.6742,UNSTABLE
f113r,50,10,9.35,21.68,1.0,1.0,0.6588,UNSTABLE
f113r,51,7,13.48,19.38,1.0,1.0,0.8173,UNSTABLE
f113v,1,11,11.02,27.48,1.0,1.0,0.6406,UNSTABLE
f113v,2,14,6.86,15.64,1.0,1.0,0.6632,UNSTABLE
f113v,3,5,15.73,24.65,1.0,1.0,0.7829,UNSTABLE
f113v,4,11,9.0,22.62,1.0,1.0,0.6387,UNSTABLE
f113v,5,14,7.89,19.29,1.0,1.0,0.6454,UNSTABLE
f113v,6,4,14.78,26.8,1.0,1.0,0.5309,UNSTABLE
f113v,7,9,12.41,20.66,1.0,1.0,0.5604,UNSTABLE
f113v,8,11,9.91,22.24,1.0,1.0,0.6674,UNSTABLE
f113v,9,7,9.55,17.85,1.0,1.0,0.721,UNSTABLE
f113v,10,13,6.77,22.59,1.0,1.0,0.5798,UNSTABLE
f113v,11,11,9.02,15.53,1.0,1.0,0.5485,UNSTABLE
f113v,12,5,8.96,12.14,1.0,1.0,0.8428,UNSTABLE
f113v,13,11,10.12,25.68,1.0,1.0,0.6364,UNSTABLE
f113v,14,12,8.96,21.7,1.0,1.0,0.6477,UNSTABLE
f113v,15,11,8.92,16.96,1.0,1.0,0.7156,UNSTABLE
f113v,16,11,8.92,25.02,1.0,1.0,0.6139,UNSTABLE
f113v,17,7,10.09,19.38,1.0,1.0,0.7124,UNSTABLE
f113v,18,10,9.55,18.06,1.0,1.0,0.7173,UNSTABLE
f113v,19,10,14.11,24.39,1.0,1.0,0.7471,UNSTABLE
f113v,20,7,8.99,15.25,1.0,1.0,0.7537,UNSTABLE
f113v,21,10,9.6,17.35,1.0,1.0,0.532,UNSTABLE
f113v,22,11,11.24,19.26,1.0,1.0,0.7502,UNSTABLE
f113v,23,12,9.08,21.7,1.0,1.0,0.6511,UNSTABLE
f113v,24,4,9.43,14.29,1.0,1.0,0.5959,UNSTABLE
f113v,25,11,8.38,22.62,1.0,1.0,0.4223,UNSTABLE
f113v,26,12,7.97,20.02,1.0,1.0,0.6389,UNSTABLE
f113v,27,2,17.86,18.0,1.0,1.0,0.5953,UNSTABLE
f113v,28,11,10.13,19.42,1.0,1.0,0.713,UNSTABLE
f113v,29,12,8.48,19.36,1.0,1.0,0.6628,UNSTABLE
f113v,30,12,7.41,22.58,1.0,1.0,0.5969,UNSTABLE
f113v,31,10,7.42,19.17,1.0,1.0,0.6322,UNSTABLE
f113v,32,8,8.7,17.65,1.0,1.0,0.6958,UNSTABLE
f113v,33,10,14.48,25.56,1.0,1.0,0.7399,UNSTABLE
f113v,34,9,11.23,20.66,1.0,1.0,0.7261,UNSTABLE
f113v,35,5,8.96,15.12,1.0,1.0,0.7556,UNSTABLE
f113v,36,9,11.17,22.19,1.0,1.0,0.702,UNSTABLE
f113v,37,7,9.15,18.42,1.0,1.0,0.698,UNSTABLE
f113v,38,10,9.44,18.79,1.0,1.0,0.5014,UNSTABLE
f113v,39,10,8.84,16.26,1.0,1.0,0.7262,UNSTABLE
f113v,40,9,9.0,28.79,1.0,1.0,0.5876,UNSTABLE
f113v,41,5,9.2,15.6,1.0,1.0,0.5538,UNSTABLE
f113v,42,11,7.38,17.25,1.0,1.0,0.4567,UNSTABLE
f113v,43,9,8.27,22.15,1.0,1.0,0.624,UNSTABLE
f113v,44,6,7.93,14.8,1.0,1.0,0.7215,UNSTABLE
f113v,45,10,9.56,25.05,1.0,1.0,0.629,UNSTABLE
f113v,46,5,6.63,13.87,1.0,1.0,0.4868,UNSTABLE
f113v,47,9,10.88,26.57,1.0,1.0,0.6457,UNSTABLE
f113v,48,10,10.18,22.36,1.0,1.0,0.6732,UNSTABLE
f113v,49,10,7.4,18.79,1.0,1.0,0.6363,UNSTABLE
f114r,1,9,9.21,13.29,1.0,1.0,0.6158,UNSTABLE
f114r,2,11,8.17,20.33,1.0,1.0,0.4411,UNSTABLE
f114r,3,1,10.8,10.8,1.0,1.0,0.6,UNSTABLE
f114r,4,10,7.53,13.2,1.0,1.0,0.7423,UNSTABLE
f114r,5,11,7.01,20.12,1.0,1.0,0.609,UNSTABLE
f114r,6,11,8.48,21.37,1.0,1.0,0.6381,UNSTABLE
f114r,7,7,13.41,30.7,1.0,1.0,0.4621,UNSTABLE
f114r,8,9,16.13,29.14,1.0,1.0,0.7321,UNSTABLE
f114r,9,11,9.52,18.32,1.0,1.0,0.7118,UNSTABLE
f114r,10,5,13.76,21.57,1.0,1.0,0.7828,UNSTABLE
f114r,11,11,10.22,22.99,1.0,1.0,0.6667,UNSTABLE
f114r,12,11,8.7,17.25,1.0,1.0,0.7026,UNSTABLE
f114r,13,3,12.5,17.28,1.0,1.0,0.834,UNSTABLE
f114r,14,11,9.81,21.37,1.0,1.0,0.6754,UNSTABLE
f114r,15,10,10.48,30.1,1.0,1.0,0.6089,UNSTABLE
f114r,16,12,7.62,14.18,1.0,1.0,0.7224,UNSTABLE
f114r,17,10,12.14,34.44,1.0,1.0,0.6115,UNSTABLE
f114r,18,7,13.73,22.6,1.0,1.0,0.5645,UNSTABLE
f114r,19,11,9.74,25.68,1.0,1.0,0.6276,UNSTABLE
f114r,20,11,8.27,30.53,1.0,1.0,0.3625,UNSTABLE
f114r,21,4,9.87,14.29,1.0,1.0,0.4144,UNSTABLE
f114r,22,9,12.51,38.38,1.0,1.0,0.5956,UNSTABLE
f114r,23,8,8.59,28.54,1.0,1.0,0.5806,UNSTABLE
f114r,24,12,7.83,13.78,1.0,1.0,0.5409,UNSTABLE
f114r,25,11,11.82,29.08,1.0,1.0,0.6439,UNSTABLE
f114r,26,10,10.08,20.25,1.0,1.0,0.6987,UNSTABLE
f114r,27,6,11.07,21.15,1.0,1.0,0.514,UNSTABLE
f114r,28,8,12.84,26.14,1.0,1.0,0.6947,UNSTABLE
f114r,29,13,6.82,15.44,1.0,1.0,0.665,UNSTABLE
f114r,30,13,8.1,19.36,1.0,1.0,0.451,UNSTABLE
f114r,31,7,11.11,27.63,1.0,1.0,0.6413,UNSTABLE
f114r,32,10,9.16,20.25,1.0,1.0,0.6714,UNSTABLE
f114r,33,11,6.73,15.45,1.0,1.0,0.6614,UNSTABLE
f114r,34,5,8.23,13.87,1.0,1.0,0.556,UNSTABLE
f114r,35,11,11.71,43.6,1.0,1.0,0.5611,UNSTABLE
f114r,36,9,10.96,29.16,1.0,1.0,0.6255,UNSTABLE
f114r,37,12,6.53,18.6,1.0,1.0,0.6106,UNSTABLE
f114r,38,7,10.3,20.87,1.0,1.0,0.6961,UNSTABLE
f114r,39,9,11.42,25.92,1.0,1.0,0.6644,UNSTABLE
f114r,40,10,12.88,25.56,1.0,1.0,0.7023,UNSTABLE
f114r,41,10,11.31,21.68,1.0,1.0,0.713,UNSTABLE
f114r,42,10,14.17,22.36,1.0,1.0,0.5802,UNSTABLE
f114r,43,10,10.34,21.07,1.0,1.0,0.4944,UNSTABLE
f114r,44,12,8.88,19.36,1.0,1.0,0.6752,UNSTABLE
f114r,45,7,6.82,15.25,1.0,1.0,0.4683,UNSTABLE
f114v,1,10,9.81,21.07,1.0,1.0,0.6794,UNSTABLE
f114v,2,11,8.46,17.79,1.0,1.0,0.6853,UNSTABLE
f114v,3,12,9.59,22.68,1.0,1.0,0.4537,UNSTABLE
f114v,4,10,11.92,21.92,1.0,1.0,0.7263,UNSTABLE
f114v,5,5,11.66,18.82,1.0,1.0,0.7717,UNSTABLE
f114v,6,10,10.43,25.05,1.0,1.0,0.6498,UNSTABLE
f114v,7,10,7.78,17.39,1.0,1.0,0.4684,UNSTABLE
f114v,8,9,14.86,23.31,1.0,1.0,0.7825,UNSTABLE
f114v,9,11,9.46,28.89,1.0,1.0,0.3965,UNSTABLE
f114v,10,7,9.66,20.83,1.0,1.0,0.4783,UNSTABLE
f114v,11,10,8.91,18.79,1.0,1.0,0.6845,UNSTABLE
f114v,12,10,8.11,18.97,1.0,1.0,0.6565,UNSTABLE
f114v,13,3,21.35,40.67,1.0,1.0,0.515,UNSTABLE
f114v,14,9,14.95,25.92,1.0,1.0,0.7461,UNSTABLE
f114v,15,11,8.36,16.68,1.0,1.0,0.7007,UNSTABLE
f114v,16,11,7.8,19.46,1.0,1.0,0.6405,UNSTABLE
f114v,17,5,11.29,24.96,1.0,1.0,0.4714,UNSTABLE
f114v,18,8,14.99,35.63,1.0,1.0,0.6524,UNSTABLE
f114v,19,3,13.52,25.91,1.0,1.0,0.5131,UNSTABLE
f114v,20,10,11.35,25.89,1.0,1.0,0.663,UNSTABLE
f114v,21,10,8.9,21.07,1.0,1.0,0.6534,UNSTABLE
f114v,22,8,12.44,22.2,1.0,1.0,0.7362,UNSTABLE
f114v,23,8,15.61,25.91,1.0,1.0,0.7615,UNSTABLE
f114v,24,9,10.2,22.19,1.0,1.0,0.6758,UNSTABLE
f114v,25,6,7.99,26.64,1.0,1.0,0.38,UNSTABLE
f114v,26,8,15.25,35.63,1.0,1.0,0.6568,UNSTABLE
f114v,27,9,11.73,20.66,1.0,1.0,0.7407,UNSTABLE
f114v,28,7,8.55,20.83,1.0,1.0,0.6463,UNSTABLE
f114v,29,9,11.93,22.19,1.0,1.0,0.5226,UNSTABLE
f114v,30,10,11.53,23.14,1.0,1.0,0.499,UNSTABLE
f114v,31,9,9.13,19.02,1.0,1.0,0.688,UNSTABLE
f114v,32,5,10.14,20.8,1.0,1.0,0.4925,UNSTABLE
f114v,33,9,12.29,25.36,1.0,1.0,0.6908,UNSTABLE
f114v,34,10,8.23,22.36,1.0,1.0,0.4208,UNSTABLE
f114v,35,7,10.77,22.37,1.0,1.0,0.6889,UNSTABLE
f114v,36,10,10.74,22.36,1.0,1.0,0.4882,UNSTABLE
f114v,37,10,6.74,15.65,1.0,1.0,0.6584,UNSTABLE
f114v,38,8,12.74,25.91,1.0,1.0,0.495,UNSTABLE
f114v,39,8,12.25,34.56,1.0,1.0,0.6127,UNSTABLE
f114v,40,10,8.77,21.92,1.0,1.0,0.6401,UNSTABLE
f114v,41,9,8.54,22.68,1.0,1.0,0.6259,UNSTABLE
f115r,1,10,12.54,26.03,1.0,1.0,0.4891,UNSTABLE
f115r,2,10,12.83,22.66,1.0,1.0,0.7397,UNSTABLE
f115r,3,8,12.84,28.54,1.0,1.0,0.4699,UNSTABLE
f115r,4,11,9.11,17.79,1.0,1.0,0.7073,UNSTABLE
f115r,5,11,12.31,22.47,1.0,1.0,0.7287,UNSTABLE
f115r,6,11,13.01,35.55,1.0,1.0,0.6196,UNSTABLE
f115r,7,7,8.71,15.65,1.0,1.0,0.5339,UNSTABLE
f115r,8,13,7.39,20.15,1.0,1.0,0.62,UNSTABLE
f115r,9,8,12.17,20.68,1.0,1.0,0.7531,UNSTABLE
f115r,10,9,11.66,23.62,1.0,1.0,0.6962,UNSTABLE
f115r,11,12,10.65,35.49,1.0,1.0,0.5801,UNSTABLE
f115r,12,7,15.15,26.08,1.0,1.0,0.7485,UNSTABLE
f115r,13,9,14.3,23.31,1.0,1.0,0.7681,UNSTABLE
f115r,14,11,6.68,15.6,1.0,1.0,0.6569,UNSTABLE
f115r,15,11,9.58,19.26,1.0,1.0,0.6984,UNSTABLE
f115r,16,11,10.26,20.33,1.0,1.0,0.5028,UNSTABLE
f115r,17,11,10.02,19.46,1.0,1.0,0.7089,UNSTABLE
f115r,18,6,10.42,15.11,1.0,1.0,0.6138,UNSTABLE
f115r,19,10,12.57,23.14,1.0,1.0,0.7259,UNSTABLE
f115r,20,12,7.9,25.81,1.0,1.0,0.5836,UNSTABLE
f115r,21,8,8.14,12.75,1.0,1.0,0.5831,UNSTABLE
f115r,22,12,7.97,22.54,1.0,1.0,0.4122,UNSTABLE
f115r,23,12,10.69,21.59,1.0,1.0,0.6971,UNSTABLE
f115r,24,14,5.41,18.77,1.0,1.0,0.5729,UNSTABLE
f115r,25,6,14.22,25.77,1.0,1.0,0.7311,UNSTABLE
f115r,26,12,8.06,17.16,1.0,1.0,0.6818,UNSTABLE
f115r,27,11,9.65,21.37,1.0,1.0,0.6709,UNSTABLE
f115r,28,7,8.21,19.83,1.0,1.0,0.6484,UNSTABLE
f115r,29,9,12.62,29.16,1.0,1.0,0.4597,UNSTABLE
f115r,30,10,11.46,26.03,1.0,1.0,0.6642,UNSTABLE
f115r,31,11,10.6,33.36,1.0,1.0,0.5906,UNSTABLE
f115r,32,11,10.99,22.62,1.0,1.0,0.6915,UNSTABLE
f115r,33,10,10.24,17.87,1.0,1.0,0.7438,UNSTABLE
f115r,34,5,10.05,15.41,1.0,1.0,0.5913,UNSTABLE
f115r,35,11,6.83,12.0,1.0,1.0,0.7415,UNSTABLE
f115r,36,8,9.52,19.43,1.0,1.0,0.694,UNSTABLE
f115r,37,10,9.65,18.79,1.0,1.0,0.7081,UNSTABLE
f115r,38,12,7.03,19.36,1.0,1.0,0.6179,UNSTABLE
f115r,39,5,15.98,37.45,1.0,1.0,0.656,UNSTABLE
f115r,40,9,12.11,29.52,1.0,1.0,0.6461,UNSTABLE
f115r,41,5,15.07,28.09,1.0,1.0,0.5219,UNSTABLE
f115r,42,10,11.55,19.17,1.0,1.0,0.7615,UNSTABLE
f115r,43,9,12.78,25.92,1.0,1.0,0.6958,UNSTABLE
f115r,44,12,7.16,19.32,1.0,1.0,0.6224,UNSTABLE
f115r,45,5,9.81,22.67,1.0,1.0,0.6596,UNSTABLE
f115v,1,10,9.84,18.97,1.0,1.0,0.5112,UNSTABLE
f115v,2,10,11.94,21.07,1.0,1.0,0.74,UNSTABLE
f115v,3,9,14.57,23.31,1.0,1.0,0.775,UNSTABLE
f115v,4,9,8.18,15.75,1.0,1.0,0.5116,UNSTABLE
f115v,5,6,9.32,18.13,1.0,1.0,0.5084,UNSTABLE
f115v,6,10,11.13,28.18,1.0,1.0,0.637,UNSTABLE
f115v,7,9,8.18,17.48,1.0,1.0,0.6808,UNSTABLE
f115v,8,9,12.24,18.45,1.0,1.0,0.598,UNSTABLE
f115v,9,10,8.91,19.42,1.0,1.0,0.4753,UNSTABLE
f115v,10,6,10.83,18.13,1.0,1.0,0.7584,UNSTABLE
f115v,11,9,11.36,22.19,1.0,1.0,0.5072,UNSTABLE
f115v,12,4,8.96,17.86,1.0,1.0,0.501,UNSTABLE
f115v,13,11,8.11,14.4,1.0,1.0,0.5379,UNSTABLE
f115v,14,9,12.62,28.53,1.0,1.0,0.6654,UNSTABLE
f115v,15,12,7.58,18.6,1.0,1.0,0.6445,UNSTABLE
f115v,16,11,9.35,28.74,1.0,1.0,0.5952,UNSTABLE
f115v,17,5,11.01,19.44,1.0,1.0,0.3398,UNSTABLE
f115v,18,8,10.98,28.69,1.0,1.0,0.4296,UNSTABLE
f115v,19,9,11.31,22.19,1.0,1.0,0.7058,UNSTABLE
f115v,20,7,9.26,15.65,1.0,1.0,0.555,UNSTABLE
f115v,21,10,9.04,21.0,1.0,1.0,0.4583,UNSTABLE
f115v,22,9,12.13,22.19,1.0,1.0,0.728,UNSTABLE
f115v,23,6,7.74,14.8,1.0,1.0,0.5138,UNSTABLE
f115v,24,8,15.42,29.41,1.0,1.0,0.5146,UNSTABLE
f115v,25,9,10.39,22.05,1.0,1.0,0.6827,UNSTABLE
f115v,26,9,11.39,23.62,1.0,1.0,0.6893,UNSTABLE
f115v,27,10,6.58,10.79,1.0,1.0,0.5659,UNSTABLE
f115v,28,7,6.0,10.68,1.0,1.0,0.5371,UNSTABLE
f115v,29,10,10.41,21.92,1.0,1.0,0.6849,UNSTABLE
f115v,30,8,6.92,12.6,1.0,1.0,0.7295,UNSTABLE
f115v,31,10,10.2,19.17,1.0,1.0,0.5192,UNSTABLE
f115v,32,9,8.44,11.48,1.0,1.0,0.6411,UNSTABLE
f115v,33,5,11.88,16.13,1.0,1.0,0.6419,UNSTABLE
f115v,34,10,10.25,22.36,1.0,1.0,0.675,UNSTABLE
f115v,35,10,7.82,12.42,1.0,1.0,0.5778,UNSTABLE
f115v,36,4,11.18,18.97,1.0,1.0,0.5536,UNSTABLE
f115v,37,8,10.51,19.13,1.0,1.0,0.5296,UNSTABLE
f115v,38,12,5.36,16.13,1.0,1.0,0.3994,UNSTABLE
f115v,39,9,8.35,19.44,1.0,1.0,0.6577,UNSTABLE
f115v,40,6,12.18,26.64,1.0,1.0,0.6743,UNSTABLE
f115v,41,7,18.07,35.52,1.0,1.0,0.7052,UNSTABLE
f115v,42,9,11.33,22.19,1.0,1.0,0.7064,UNSTABLE
f115v,43,8,11.77,20.68,1.0,1.0,0.7415,UNSTABLE
f115v,44,9,10.57,22.68,1.0,1.0,0.6796,UNSTABLE
f115v,45,5,12.38,21.57,1.0,1.0,0.7444,UNSTABLE
f116r,1,9,12.65,22.75,1.0,1.0,0.7336,UNSTABLE
f116r,2,14,5.77,16.07,1.0,1.0,0.6154,UNSTABLE
f116r,3,9,5.78,8.61,1.0,1.0,0.6028,UNSTABLE
f116r,4,12,7.38,12.34,1.0,1.0,0.7588,UNSTABLE
f116r,5,13,5.21,19.93,1.0,1.0,0.5568,UNSTABLE
f116r,6,9,5.22,9.84,1.0,1.0,0.5183,UNSTABLE
f116r,7,9,10.61,21.6,1.0,1.0,0.6947,UNSTABLE
f116r,8,10,9.18,19.42,1.0,1.0,0.6836,UNSTABLE
f116r,9,5,21.02,43.69,1.0,1.0,0.6887,UNSTABLE
f116r,10,11,7.47,22.62,1.0,1.0,0.5981,UNSTABLE
f116r,11,11,9.87,25.85,1.0,1.0,0.4291,UNSTABLE
f116r,12,11,8.43,15.57,1.0,1.0,0.7249,UNSTABLE
f116r,13,10,10.62,21.07,1.0,1.0,0.7024,UNSTABLE
f116r,14,6,7.27,14.8,1.0,1.0,0.4947,UNSTABLE
f116r,15,12,7.09,18.51,1.0,1.0,0.6298,UNSTABLE
f116r,16,12,5.73,14.18,1.0,1.0,0.4425,UNSTABLE
f116r,17,8,10.07,17.65,1.0,1.0,0.7423,UNSTABLE
f116r,18,13,4.56,12.62,1.0,1.0,0.6168,UNSTABLE
f116r,19,12,7.57,17.16,1.0,1.0,0.6647,UNSTABLE
f116r,20,14,4.99,11.32,1.0,1.0,0.4645,UNSTABLE
f116r,21,12,8.08,17.16,1.0,1.0,0.6825,UNSTABLE
f116r,22,12,7.84,21.59,1.0,1.0,0.6179,UNSTABLE
f116r,23,13,6.52,21.76,1.0,1.0,0.5798,UNSTABLE
f116r,24,11,8.99,19.26,1.0,1.0,0.6801,UNSTABLE
f116r,25,9,12.77,22.68,1.0,1.0,0.7378,UNSTABLE
f116r,26,10,9.83,17.87,1.0,1.0,0.7301,UNSTABLE
f116r,27,11,6.4,14.37,1.0,1.0,0.6672,UNSTABLE
f116r,28,11,8.4,25.68,1.0,1.0,0.3963,UNSTABLE
f116r,29,13,5.34,9.49,1.0,1.0,0.5376,UNSTABLE
f116r,30,7,11.82,21.97,1.0,1.0,0.7228,UNSTABLE
f116r,31,10,8.8,20.4,1.0,1.0,0.6588,UNSTABLE
f116r,32,11,7.16,16.99,1.0,1.0,0.6529,UNSTABLE
f116r,33,11,7.63,19.39,1.0,1.0,0.6361,UNSTABLE
f116r,34,10,11.19,21.07,1.0,1.0,0.7187,UNSTABLE
f116r,35,10,10.15,18.79,1.0,1.0,0.7241,UNSTABLE
f116r,36,12,6.75,15.5,1.0,1.0,0.6613,UNSTABLE
f116r,37,11,7.41,12.71,1.0,1.0,0.7498,UNSTABLE
f116r,38,11,9.9,21.8,1.0,1.0,0.6725,UNSTABLE
f116r,39,11,8.21,23.74,1.0,1.0,0.6075,UNSTABLE
f116r,40,9,10.23,19.44,1.0,1.0,0.7157,UNSTABLE
f116r,41,11,6.52,15.26,1.0,1.0,0.6564,UNSTABLE
f116r,42,10,8.75,18.79,1.0,1.0,0.6794,UNSTABLE
f116r,43,12,6.23,10.8,1.0,1.0,0.7461,UNSTABLE
f116r,44,11,7.24,17.25,1.0,1.0,0.6518,UNSTABLE
f116r,45,5,11.52,27.74,1.0,1.0,0.6492,UNSTABLE
f116r,46,9,13.21,41.21,1.0,1.0,0.5923,UNSTABLE
f116r,47,9,11.14,17.48,1.0,1.0,0.7824,UNSTABLE
f116r,48,11,6.43,16.16,1.0,1.0,0.6387,UNSTABLE
f116r,49,11,8.31,20.12,1.0,1.0,0.6478,UNSTABLE
f116r,50,5,15.65,43.69,1.0,1.0,0.4149,UNSTABLE
f116v,1,8,6.57,18.67,1.0,1.0,0.4111,UNSTABLE
